species,season,abundance,longitude,latitude
black-marlin,jul-sept,0,152.5,-39.5
black-marlin,jul-sept,0,151.5,-38.5
black-marlin,jul-sept,0,152.5,-38.5
black-marlin,jul-sept,0,153.5,-38.5
black-marlin,jul-sept,0,154.5,-38.5
black-marlin,jul-sept,0,-167.5,-37.5
black-marlin,jul-sept,0,150.5,-37.5
black-marlin,jul-sept,0,151.5,-37.5
black-marlin,jul-sept,0,152.5,-37.5
black-marlin,jul-sept,0,153.5,-37.5
black-marlin,jul-sept,0,154.5,-37.5
black-marlin,jul-sept,0,178.5,-37.5
black-marlin,jul-sept,0,179.5,-37.5
black-marlin,jul-sept,0,-168.5,-36.5
black-marlin,jul-sept,0,95.5,-36.5
black-marlin,jul-sept,0,96.5,-36.5
black-marlin,jul-sept,0,150.5,-36.5
black-marlin,jul-sept,0,151.5,-36.5
black-marlin,jul-sept,0,152.5,-36.5
black-marlin,jul-sept,0,153.5,-36.5
black-marlin,jul-sept,0,154.5,-36.5
black-marlin,jul-sept,0,155.5,-36.5
black-marlin,jul-sept,0,176.5,-36.5
black-marlin,jul-sept,0,177.5,-36.5
black-marlin,jul-sept,0,179.5,-36.5
black-marlin,jul-sept,0,-179.5,-35.5
black-marlin,jul-sept,0,153.5,-35.5
black-marlin,jul-sept,0,175.5,-35.5
black-marlin,jul-sept,0,176.5,-35.5
black-marlin,jul-sept,0,177.5,-35.5
black-marlin,jul-sept,0,178.5,-35.5
black-marlin,jul-sept,0,179.5,-35.5
black-marlin,jul-sept,0,-179.5,-34.5
black-marlin,jul-sept,0,166.5,-34.5
black-marlin,jul-sept,0,176.5,-34.5
black-marlin,jul-sept,0,177.5,-34.5
black-marlin,jul-sept,0,-162.5,-33.5
black-marlin,jul-sept,0,-172.5,-32.5
black-marlin,jul-sept,0,-171.5,-32.5
black-marlin,jul-sept,0,14.5,-32.5
black-marlin,jul-sept,0,153.5,-32.5
black-marlin,jul-sept,0,156.5,-32.5
black-marlin,jul-sept,0,157.5,-32.5
black-marlin,jul-sept,0,-171.5,-31.5
black-marlin,jul-sept,0,157.5,-31.5
black-marlin,jul-sept,0,161.5,-31.5
black-marlin,jul-sept,0,153.5,-30.5
black-marlin,jul-sept,0,158.5,-30.5
black-marlin,jul-sept,0,160.5,-30.5
black-marlin,jul-sept,0,161.5,-30.5
black-marlin,jul-sept,0,-169.5,-29.5
black-marlin,jul-sept,0,-168.5,-29.5
black-marlin,jul-sept,0,154.5,-29.5
black-marlin,jul-sept,0,156.5,-29.5
black-marlin,jul-sept,0,160.5,-29.5
black-marlin,jul-sept,0,161.5,-29.5
black-marlin,jul-sept,0,163.5,-29.5
black-marlin,jul-sept,0,168.5,-29.5
black-marlin,jul-sept,0,-174.5,-28.5
black-marlin,jul-sept,0,-170.5,-28.5
black-marlin,jul-sept,0,-169.5,-28.5
black-marlin,jul-sept,0,-152.5,-28.5
black-marlin,jul-sept,0,-151.5,-28.5
black-marlin,jul-sept,0,154.5,-28.5
black-marlin,jul-sept,0,158.5,-28.5
black-marlin,jul-sept,0,159.5,-28.5
black-marlin,jul-sept,0,160.5,-28.5
black-marlin,jul-sept,0,161.5,-28.5
black-marlin,jul-sept,0,162.5,-28.5
black-marlin,jul-sept,0,163.5,-28.5
black-marlin,jul-sept,0,164.5,-28.5
black-marlin,jul-sept,0,165.5,-28.5
black-marlin,jul-sept,0,166.5,-28.5
black-marlin,jul-sept,0,168.5,-28.5
black-marlin,jul-sept,0,-178.5,-27.5
black-marlin,jul-sept,0,-176.5,-27.5
black-marlin,jul-sept,0,-175.5,-27.5
black-marlin,jul-sept,0,-174.5,-27.5
black-marlin,jul-sept,0,-154.5,-27.5
black-marlin,jul-sept,0,-150.5,-27.5
black-marlin,jul-sept,0,153.5,-27.5
black-marlin,jul-sept,0,154.5,-27.5
black-marlin,jul-sept,0,155.5,-27.5
black-marlin,jul-sept,0,157.5,-27.5
black-marlin,jul-sept,0,158.5,-27.5
black-marlin,jul-sept,0,159.5,-27.5
black-marlin,jul-sept,0,160.5,-27.5
black-marlin,jul-sept,0,161.5,-27.5
black-marlin,jul-sept,0,162.5,-27.5
black-marlin,jul-sept,0,163.5,-27.5
black-marlin,jul-sept,0,165.5,-27.5
black-marlin,jul-sept,0,166.5,-27.5
black-marlin,jul-sept,0,167.5,-27.5
black-marlin,jul-sept,0,168.5,-27.5
black-marlin,jul-sept,0,169.5,-27.5
black-marlin,jul-sept,0,176.5,-27.5
black-marlin,jul-sept,0,-179.5,-26.5
black-marlin,jul-sept,0,-178.5,-26.5
black-marlin,jul-sept,0,-176.5,-26.5
black-marlin,jul-sept,0,-175.5,-26.5
black-marlin,jul-sept,0,-174.5,-26.5
black-marlin,jul-sept,0,-173.5,-26.5
black-marlin,jul-sept,0,6.5,-26.5
black-marlin,jul-sept,0,7.5,-26.5
black-marlin,jul-sept,0,111.5,-26.5
black-marlin,jul-sept,0,112.5,-26.5
black-marlin,jul-sept,0,153.5,-26.5
black-marlin,jul-sept,0,154.5,-26.5
black-marlin,jul-sept,0,155.5,-26.5
black-marlin,jul-sept,0,156.5,-26.5
black-marlin,jul-sept,0,157.5,-26.5
black-marlin,jul-sept,0,158.5,-26.5
black-marlin,jul-sept,0,159.5,-26.5
black-marlin,jul-sept,0,160.5,-26.5
black-marlin,jul-sept,0,161.5,-26.5
black-marlin,jul-sept,0,162.5,-26.5
black-marlin,jul-sept,0,163.5,-26.5
black-marlin,jul-sept,0,165.5,-26.5
black-marlin,jul-sept,0,166.5,-26.5
black-marlin,jul-sept,0,167.5,-26.5
black-marlin,jul-sept,0,168.5,-26.5
black-marlin,jul-sept,0,169.5,-26.5
black-marlin,jul-sept,0,175.5,-26.5
black-marlin,jul-sept,0,176.5,-26.5
black-marlin,jul-sept,0,-177.5,-25.5
black-marlin,jul-sept,0,62.5,-25.5
black-marlin,jul-sept,0,110.5,-25.5
black-marlin,jul-sept,0,111.5,-25.5
black-marlin,jul-sept,0,112.5,-25.5
black-marlin,jul-sept,0,153.5,-25.5
black-marlin,jul-sept,0,154.5,-25.5
black-marlin,jul-sept,0,155.5,-25.5
black-marlin,jul-sept,0,156.5,-25.5
black-marlin,jul-sept,0,157.5,-25.5
black-marlin,jul-sept,0,158.5,-25.5
black-marlin,jul-sept,0,159.5,-25.5
black-marlin,jul-sept,0,160.5,-25.5
black-marlin,jul-sept,0,161.5,-25.5
black-marlin,jul-sept,0,162.5,-25.5
black-marlin,jul-sept,0,163.5,-25.5
black-marlin,jul-sept,0,164.5,-25.5
black-marlin,jul-sept,0,167.5,-25.5
black-marlin,jul-sept,0,168.5,-25.5
black-marlin,jul-sept,0,169.5,-25.5
black-marlin,jul-sept,0,174.5,-25.5
black-marlin,jul-sept,0,175.5,-25.5
black-marlin,jul-sept,0,176.5,-25.5
black-marlin,jul-sept,0,-177.5,-24.5
black-marlin,jul-sept,0,111.5,-24.5
black-marlin,jul-sept,0,112.5,-24.5
black-marlin,jul-sept,0,153.5,-24.5
black-marlin,jul-sept,0,154.5,-24.5
black-marlin,jul-sept,0,155.5,-24.5
black-marlin,jul-sept,0,156.5,-24.5
black-marlin,jul-sept,0,157.5,-24.5
black-marlin,jul-sept,0,158.5,-24.5
black-marlin,jul-sept,0,159.5,-24.5
black-marlin,jul-sept,0,160.5,-24.5
black-marlin,jul-sept,0,161.5,-24.5
black-marlin,jul-sept,0,163.5,-24.5
black-marlin,jul-sept,0,168.5,-24.5
black-marlin,jul-sept,0,169.5,-24.5
black-marlin,jul-sept,0,170.5,-24.5
black-marlin,jul-sept,0,174.5,-24.5
black-marlin,jul-sept,0,175.5,-24.5
black-marlin,jul-sept,0,-177.5,-23.5
black-marlin,jul-sept,0,111.5,-23.5
black-marlin,jul-sept,0,112.5,-23.5
black-marlin,jul-sept,0,113.5,-23.5
black-marlin,jul-sept,0,153.5,-23.5
black-marlin,jul-sept,0,154.5,-23.5
black-marlin,jul-sept,0,155.5,-23.5
black-marlin,jul-sept,0,157.5,-23.5
black-marlin,jul-sept,0,158.5,-23.5
black-marlin,jul-sept,0,161.5,-23.5
black-marlin,jul-sept,0,167.5,-23.5
black-marlin,jul-sept,0,168.5,-23.5
black-marlin,jul-sept,0,169.5,-23.5
black-marlin,jul-sept,0,170.5,-23.5
black-marlin,jul-sept,0,111.5,-22.5
black-marlin,jul-sept,0,112.5,-22.5
black-marlin,jul-sept,0,113.5,-22.5
black-marlin,jul-sept,0,153.5,-22.5
black-marlin,jul-sept,0,154.5,-22.5
black-marlin,jul-sept,0,156.5,-22.5
black-marlin,jul-sept,0,158.5,-22.5
black-marlin,jul-sept,0,159.5,-22.5
black-marlin,jul-sept,0,160.5,-22.5
black-marlin,jul-sept,0,161.5,-22.5
black-marlin,jul-sept,0,170.5,-22.5
black-marlin,jul-sept,0,171.5,-22.5
black-marlin,jul-sept,0,172.5,-22.5
black-marlin,jul-sept,0,-177.5,-21.5
black-marlin,jul-sept,0,111.5,-21.5
black-marlin,jul-sept,0,112.5,-21.5
black-marlin,jul-sept,0,113.5,-21.5
black-marlin,jul-sept,0,114.5,-21.5
black-marlin,jul-sept,0,155.5,-21.5
black-marlin,jul-sept,0,156.5,-21.5
black-marlin,jul-sept,0,161.5,-21.5
black-marlin,jul-sept,0,164.5,-21.5
black-marlin,jul-sept,0,-177.5,-20.5
black-marlin,jul-sept,0,113.5,-20.5
black-marlin,jul-sept,0,114.5,-20.5
black-marlin,jul-sept,0,153.5,-20.5
black-marlin,jul-sept,0,155.5,-20.5
black-marlin,jul-sept,0,156.5,-20.5
black-marlin,jul-sept,0,157.5,-20.5
black-marlin,jul-sept,0,169.5,-20.5
black-marlin,jul-sept,0,-177.5,-19.5
black-marlin,jul-sept,0,-176.5,-19.5
black-marlin,jul-sept,0,113.5,-19.5
black-marlin,jul-sept,0,114.5,-19.5
black-marlin,jul-sept,0,115.5,-19.5
black-marlin,jul-sept,0,155.5,-19.5
black-marlin,jul-sept,0,156.5,-19.5
black-marlin,jul-sept,0,157.5,-19.5
black-marlin,jul-sept,0,-178.5,-18.5
black-marlin,jul-sept,0,-177.5,-18.5
black-marlin,jul-sept,0,-176.5,-18.5
black-marlin,jul-sept,0,-175.5,-18.5
black-marlin,jul-sept,0,-149.5,-18.5
black-marlin,jul-sept,0,-148.5,-18.5
black-marlin,jul-sept,0,86.5,-18.5
black-marlin,jul-sept,0,91.5,-18.5
black-marlin,jul-sept,0,111.5,-18.5
black-marlin,jul-sept,0,114.5,-18.5
black-marlin,jul-sept,0,115.5,-18.5
black-marlin,jul-sept,0,116.5,-18.5
black-marlin,jul-sept,0,117.5,-18.5
black-marlin,jul-sept,0,118.5,-18.5
black-marlin,jul-sept,0,147.5,-18.5
black-marlin,jul-sept,0,148.5,-18.5
black-marlin,jul-sept,0,149.5,-18.5
black-marlin,jul-sept,0,150.5,-18.5
black-marlin,jul-sept,0,151.5,-18.5
black-marlin,jul-sept,0,152.5,-18.5
black-marlin,jul-sept,0,153.5,-18.5
black-marlin,jul-sept,0,155.5,-18.5
black-marlin,jul-sept,0,156.5,-18.5
black-marlin,jul-sept,0,157.5,-18.5
black-marlin,jul-sept,0,167.5,-18.5
black-marlin,jul-sept,0,-176.5,-17.5
black-marlin,jul-sept,0,-175.5,-17.5
black-marlin,jul-sept,0,-150.5,-17.5
black-marlin,jul-sept,0,-149.5,-17.5
black-marlin,jul-sept,0,-147.5,-17.5
black-marlin,jul-sept,0,95.5,-17.5
black-marlin,jul-sept,0,113.5,-17.5
black-marlin,jul-sept,0,114.5,-17.5
black-marlin,jul-sept,0,115.5,-17.5
black-marlin,jul-sept,0,116.5,-17.5
black-marlin,jul-sept,0,117.5,-17.5
black-marlin,jul-sept,0,118.5,-17.5
black-marlin,jul-sept,0,146.5,-17.5
black-marlin,jul-sept,0,147.5,-17.5
black-marlin,jul-sept,0,150.5,-17.5
black-marlin,jul-sept,0,152.5,-17.5
black-marlin,jul-sept,0,153.5,-17.5
black-marlin,jul-sept,0,157.5,-17.5
black-marlin,jul-sept,0,167.5,-17.5
black-marlin,jul-sept,0,-153.5,-16.5
black-marlin,jul-sept,0,-152.5,-16.5
black-marlin,jul-sept,0,-150.5,-16.5
black-marlin,jul-sept,0,-84.5,-16.5
black-marlin,jul-sept,0,1.5,-16.5
black-marlin,jul-sept,0,99.5,-16.5
black-marlin,jul-sept,0,113.5,-16.5
black-marlin,jul-sept,0,114.5,-16.5
black-marlin,jul-sept,0,115.5,-16.5
black-marlin,jul-sept,0,116.5,-16.5
black-marlin,jul-sept,0,117.5,-16.5
black-marlin,jul-sept,0,118.5,-16.5
black-marlin,jul-sept,0,119.5,-16.5
black-marlin,jul-sept,0,146.5,-16.5
black-marlin,jul-sept,0,147.5,-16.5
black-marlin,jul-sept,0,148.5,-16.5
black-marlin,jul-sept,0,151.5,-16.5
black-marlin,jul-sept,0,155.5,-16.5
black-marlin,jul-sept,0,159.5,-16.5
black-marlin,jul-sept,0,-86.5,-15.5
black-marlin,jul-sept,0,-84.5,-15.5
black-marlin,jul-sept,0,111.5,-15.5
black-marlin,jul-sept,0,112.5,-15.5
black-marlin,jul-sept,0,113.5,-15.5
black-marlin,jul-sept,0,114.5,-15.5
black-marlin,jul-sept,0,115.5,-15.5
black-marlin,jul-sept,0,116.5,-15.5
black-marlin,jul-sept,0,117.5,-15.5
black-marlin,jul-sept,0,118.5,-15.5
black-marlin,jul-sept,0,119.5,-15.5
black-marlin,jul-sept,0,120.5,-15.5
black-marlin,jul-sept,0,146.5,-15.5
black-marlin,jul-sept,0,147.5,-15.5
black-marlin,jul-sept,0,148.5,-15.5
black-marlin,jul-sept,0,150.5,-15.5
black-marlin,jul-sept,0,154.5,-15.5
black-marlin,jul-sept,0,155.5,-15.5
black-marlin,jul-sept,0,156.5,-15.5
black-marlin,jul-sept,0,165.5,-15.5
black-marlin,jul-sept,0,174.5,-15.5
black-marlin,jul-sept,0,-93.5,-14.5
black-marlin,jul-sept,0,-85.5,-14.5
black-marlin,jul-sept,0,107.5,-14.5
black-marlin,jul-sept,0,108.5,-14.5
black-marlin,jul-sept,0,109.5,-14.5
black-marlin,jul-sept,0,110.5,-14.5
black-marlin,jul-sept,0,111.5,-14.5
black-marlin,jul-sept,0,112.5,-14.5
black-marlin,jul-sept,0,113.5,-14.5
black-marlin,jul-sept,0,114.5,-14.5
black-marlin,jul-sept,0,115.5,-14.5
black-marlin,jul-sept,0,116.5,-14.5
black-marlin,jul-sept,0,117.5,-14.5
black-marlin,jul-sept,0,118.5,-14.5
black-marlin,jul-sept,0,119.5,-14.5
black-marlin,jul-sept,0,120.5,-14.5
black-marlin,jul-sept,0,145.5,-14.5
black-marlin,jul-sept,0,146.5,-14.5
black-marlin,jul-sept,0,147.5,-14.5
black-marlin,jul-sept,0,148.5,-14.5
black-marlin,jul-sept,0,150.5,-14.5
black-marlin,jul-sept,0,151.5,-14.5
black-marlin,jul-sept,0,153.5,-14.5
black-marlin,jul-sept,0,154.5,-14.5
black-marlin,jul-sept,0,159.5,-14.5
black-marlin,jul-sept,0,161.5,-14.5
black-marlin,jul-sept,0,164.5,-14.5
black-marlin,jul-sept,0,165.5,-14.5
black-marlin,jul-sept,0,-178.5,-13.5
black-marlin,jul-sept,0,-99.5,-13.5
black-marlin,jul-sept,0,-97.5,-13.5
black-marlin,jul-sept,0,100.5,-13.5
black-marlin,jul-sept,0,101.5,-13.5
black-marlin,jul-sept,0,103.5,-13.5
black-marlin,jul-sept,0,104.5,-13.5
black-marlin,jul-sept,0,108.5,-13.5
black-marlin,jul-sept,0,109.5,-13.5
black-marlin,jul-sept,0,110.5,-13.5
black-marlin,jul-sept,0,111.5,-13.5
black-marlin,jul-sept,0,112.5,-13.5
black-marlin,jul-sept,0,113.5,-13.5
black-marlin,jul-sept,0,114.5,-13.5
black-marlin,jul-sept,0,115.5,-13.5
black-marlin,jul-sept,0,116.5,-13.5
black-marlin,jul-sept,0,117.5,-13.5
black-marlin,jul-sept,0,118.5,-13.5
black-marlin,jul-sept,0,119.5,-13.5
black-marlin,jul-sept,0,120.5,-13.5
black-marlin,jul-sept,0,121.5,-13.5
black-marlin,jul-sept,0,129.5,-13.5
black-marlin,jul-sept,0,144.5,-13.5
black-marlin,jul-sept,0,145.5,-13.5
black-marlin,jul-sept,0,146.5,-13.5
black-marlin,jul-sept,0,147.5,-13.5
black-marlin,jul-sept,0,148.5,-13.5
black-marlin,jul-sept,0,150.5,-13.5
black-marlin,jul-sept,0,151.5,-13.5
black-marlin,jul-sept,0,152.5,-13.5
black-marlin,jul-sept,0,153.5,-13.5
black-marlin,jul-sept,0,154.5,-13.5
black-marlin,jul-sept,0,155.5,-13.5
black-marlin,jul-sept,0,156.5,-13.5
black-marlin,jul-sept,0,158.5,-13.5
black-marlin,jul-sept,0,164.5,-13.5
black-marlin,jul-sept,0,165.5,-13.5
black-marlin,jul-sept,0,169.5,-13.5
black-marlin,jul-sept,0,170.5,-13.5
black-marlin,jul-sept,0,171.5,-13.5
black-marlin,jul-sept,0,173.5,-13.5
black-marlin,jul-sept,0,175.5,-13.5
black-marlin,jul-sept,0,-172.5,-12.5
black-marlin,jul-sept,0,-170.5,-12.5
black-marlin,jul-sept,0,-154.5,-12.5
black-marlin,jul-sept,0,-96.5,-12.5
black-marlin,jul-sept,0,-93.5,-12.5
black-marlin,jul-sept,0,-85.5,-12.5
black-marlin,jul-sept,0,100.5,-12.5
black-marlin,jul-sept,0,101.5,-12.5
black-marlin,jul-sept,0,102.5,-12.5
black-marlin,jul-sept,0,108.5,-12.5
black-marlin,jul-sept,0,109.5,-12.5
black-marlin,jul-sept,0,110.5,-12.5
black-marlin,jul-sept,0,111.5,-12.5
black-marlin,jul-sept,0,112.5,-12.5
black-marlin,jul-sept,0,113.5,-12.5
black-marlin,jul-sept,0,114.5,-12.5
black-marlin,jul-sept,0,115.5,-12.5
black-marlin,jul-sept,0,116.5,-12.5
black-marlin,jul-sept,0,117.5,-12.5
black-marlin,jul-sept,0,118.5,-12.5
black-marlin,jul-sept,0,119.5,-12.5
black-marlin,jul-sept,0,120.5,-12.5
black-marlin,jul-sept,0,121.5,-12.5
black-marlin,jul-sept,0,144.5,-12.5
black-marlin,jul-sept,0,145.5,-12.5
black-marlin,jul-sept,0,146.5,-12.5
black-marlin,jul-sept,0,148.5,-12.5
black-marlin,jul-sept,0,149.5,-12.5
black-marlin,jul-sept,0,150.5,-12.5
black-marlin,jul-sept,0,151.5,-12.5
black-marlin,jul-sept,0,152.5,-12.5
black-marlin,jul-sept,0,153.5,-12.5
black-marlin,jul-sept,0,154.5,-12.5
black-marlin,jul-sept,0,155.5,-12.5
black-marlin,jul-sept,0,156.5,-12.5
black-marlin,jul-sept,0,158.5,-12.5
black-marlin,jul-sept,0,159.5,-12.5
black-marlin,jul-sept,0,164.5,-12.5
black-marlin,jul-sept,0,169.5,-12.5
black-marlin,jul-sept,0,170.5,-12.5
black-marlin,jul-sept,0,172.5,-12.5
black-marlin,jul-sept,0,174.5,-12.5
black-marlin,jul-sept,0,176.5,-12.5
black-marlin,jul-sept,0,-172.5,-11.5
black-marlin,jul-sept,0,-170.5,-11.5
black-marlin,jul-sept,0,-169.5,-11.5
black-marlin,jul-sept,0,-150.5,-11.5
black-marlin,jul-sept,0,-148.5,-11.5
black-marlin,jul-sept,0,-143.5,-11.5
black-marlin,jul-sept,0,-136.5,-11.5
black-marlin,jul-sept,0,-135.5,-11.5
black-marlin,jul-sept,0,-134.5,-11.5
black-marlin,jul-sept,0,-133.5,-11.5
black-marlin,jul-sept,0,-132.5,-11.5
black-marlin,jul-sept,0,-127.5,-11.5
black-marlin,jul-sept,0,-120.5,-11.5
black-marlin,jul-sept,0,-84.5,-11.5
black-marlin,jul-sept,0,1.5,-11.5
black-marlin,jul-sept,0,56.5,-11.5
black-marlin,jul-sept,0,57.5,-11.5
black-marlin,jul-sept,0,58.5,-11.5
black-marlin,jul-sept,0,63.5,-11.5
black-marlin,jul-sept,0,89.5,-11.5
black-marlin,jul-sept,0,90.5,-11.5
black-marlin,jul-sept,0,94.5,-11.5
black-marlin,jul-sept,0,105.5,-11.5
black-marlin,jul-sept,0,109.5,-11.5
black-marlin,jul-sept,0,110.5,-11.5
black-marlin,jul-sept,0,111.5,-11.5
black-marlin,jul-sept,0,112.5,-11.5
black-marlin,jul-sept,0,113.5,-11.5
black-marlin,jul-sept,0,114.5,-11.5
black-marlin,jul-sept,0,115.5,-11.5
black-marlin,jul-sept,0,116.5,-11.5
black-marlin,jul-sept,0,117.5,-11.5
black-marlin,jul-sept,0,118.5,-11.5
black-marlin,jul-sept,0,119.5,-11.5
black-marlin,jul-sept,0,120.5,-11.5
black-marlin,jul-sept,0,121.5,-11.5
black-marlin,jul-sept,0,122.5,-11.5
black-marlin,jul-sept,0,144.5,-11.5
black-marlin,jul-sept,0,145.5,-11.5
black-marlin,jul-sept,0,146.5,-11.5
black-marlin,jul-sept,0,147.5,-11.5
black-marlin,jul-sept,0,148.5,-11.5
black-marlin,jul-sept,0,149.5,-11.5
black-marlin,jul-sept,0,150.5,-11.5
black-marlin,jul-sept,0,151.5,-11.5
black-marlin,jul-sept,0,152.5,-11.5
black-marlin,jul-sept,0,153.5,-11.5
black-marlin,jul-sept,0,154.5,-11.5
black-marlin,jul-sept,0,155.5,-11.5
black-marlin,jul-sept,0,156.5,-11.5
black-marlin,jul-sept,0,157.5,-11.5
black-marlin,jul-sept,0,158.5,-11.5
black-marlin,jul-sept,0,169.5,-11.5
black-marlin,jul-sept,0,171.5,-11.5
black-marlin,jul-sept,0,-178.5,-10.5
black-marlin,jul-sept,0,-160.5,-10.5
black-marlin,jul-sept,0,-154.5,-10.5
black-marlin,jul-sept,0,-153.5,-10.5
black-marlin,jul-sept,0,-151.5,-10.5
black-marlin,jul-sept,0,-150.5,-10.5
black-marlin,jul-sept,0,-149.5,-10.5
black-marlin,jul-sept,0,-148.5,-10.5
black-marlin,jul-sept,0,-147.5,-10.5
black-marlin,jul-sept,0,-144.5,-10.5
black-marlin,jul-sept,0,-143.5,-10.5
black-marlin,jul-sept,0,-142.5,-10.5
black-marlin,jul-sept,0,-140.5,-10.5
black-marlin,jul-sept,0,-131.5,-10.5
black-marlin,jul-sept,0,-127.5,-10.5
black-marlin,jul-sept,0,57.5,-10.5
black-marlin,jul-sept,0,77.5,-10.5
black-marlin,jul-sept,0,81.5,-10.5
black-marlin,jul-sept,0,91.5,-10.5
black-marlin,jul-sept,0,93.5,-10.5
black-marlin,jul-sept,0,94.5,-10.5
black-marlin,jul-sept,0,96.5,-10.5
black-marlin,jul-sept,0,99.5,-10.5
black-marlin,jul-sept,0,100.5,-10.5
black-marlin,jul-sept,0,101.5,-10.5
black-marlin,jul-sept,0,102.5,-10.5
black-marlin,jul-sept,0,103.5,-10.5
black-marlin,jul-sept,0,105.5,-10.5
black-marlin,jul-sept,0,106.5,-10.5
black-marlin,jul-sept,0,107.5,-10.5
black-marlin,jul-sept,0,108.5,-10.5
black-marlin,jul-sept,0,109.5,-10.5
black-marlin,jul-sept,0,110.5,-10.5
black-marlin,jul-sept,0,111.5,-10.5
black-marlin,jul-sept,0,112.5,-10.5
black-marlin,jul-sept,0,113.5,-10.5
black-marlin,jul-sept,0,114.5,-10.5
black-marlin,jul-sept,0,115.5,-10.5
black-marlin,jul-sept,0,116.5,-10.5
black-marlin,jul-sept,0,117.5,-10.5
black-marlin,jul-sept,0,118.5,-10.5
black-marlin,jul-sept,0,119.5,-10.5
black-marlin,jul-sept,0,120.5,-10.5
black-marlin,jul-sept,0,123.5,-10.5
black-marlin,jul-sept,0,124.5,-10.5
black-marlin,jul-sept,0,125.5,-10.5
black-marlin,jul-sept,0,144.5,-10.5
black-marlin,jul-sept,0,145.5,-10.5
black-marlin,jul-sept,0,146.5,-10.5
black-marlin,jul-sept,0,147.5,-10.5
black-marlin,jul-sept,0,148.5,-10.5
black-marlin,jul-sept,0,149.5,-10.5
black-marlin,jul-sept,0,150.5,-10.5
black-marlin,jul-sept,0,151.5,-10.5
black-marlin,jul-sept,0,152.5,-10.5
black-marlin,jul-sept,0,153.5,-10.5
black-marlin,jul-sept,0,154.5,-10.5
black-marlin,jul-sept,0,155.5,-10.5
black-marlin,jul-sept,0,156.5,-10.5
black-marlin,jul-sept,0,157.5,-10.5
black-marlin,jul-sept,0,158.5,-10.5
black-marlin,jul-sept,0,159.5,-10.5
black-marlin,jul-sept,0,161.5,-10.5
black-marlin,jul-sept,0,163.5,-10.5
black-marlin,jul-sept,0,166.5,-10.5
black-marlin,jul-sept,0,167.5,-10.5
black-marlin,jul-sept,0,-161.5,-9.5
black-marlin,jul-sept,0,-149.5,-9.5
black-marlin,jul-sept,0,-148.5,-9.5
black-marlin,jul-sept,0,-145.5,-9.5
black-marlin,jul-sept,0,-142.5,-9.5
black-marlin,jul-sept,0,-141.5,-9.5
black-marlin,jul-sept,0,-138.5,-9.5
black-marlin,jul-sept,0,-136.5,-9.5
black-marlin,jul-sept,0,-134.5,-9.5
black-marlin,jul-sept,0,-90.5,-9.5
black-marlin,jul-sept,0,52.5,-9.5
black-marlin,jul-sept,0,58.5,-9.5
black-marlin,jul-sept,0,69.5,-9.5
black-marlin,jul-sept,0,74.5,-9.5
black-marlin,jul-sept,0,78.5,-9.5
black-marlin,jul-sept,0,81.5,-9.5
black-marlin,jul-sept,0,82.5,-9.5
black-marlin,jul-sept,0,83.5,-9.5
black-marlin,jul-sept,0,94.5,-9.5
black-marlin,jul-sept,0,96.5,-9.5
black-marlin,jul-sept,0,97.5,-9.5
black-marlin,jul-sept,0,98.5,-9.5
black-marlin,jul-sept,0,99.5,-9.5
black-marlin,jul-sept,0,100.5,-9.5
black-marlin,jul-sept,0,101.5,-9.5
black-marlin,jul-sept,0,102.5,-9.5
black-marlin,jul-sept,0,103.5,-9.5
black-marlin,jul-sept,0,104.5,-9.5
black-marlin,jul-sept,0,105.5,-9.5
black-marlin,jul-sept,0,106.5,-9.5
black-marlin,jul-sept,0,107.5,-9.5
black-marlin,jul-sept,0,108.5,-9.5
black-marlin,jul-sept,0,109.5,-9.5
black-marlin,jul-sept,0,110.5,-9.5
black-marlin,jul-sept,0,111.5,-9.5
black-marlin,jul-sept,0,112.5,-9.5
black-marlin,jul-sept,0,113.5,-9.5
black-marlin,jul-sept,0,114.5,-9.5
black-marlin,jul-sept,0,115.5,-9.5
black-marlin,jul-sept,0,116.5,-9.5
black-marlin,jul-sept,0,117.5,-9.5
black-marlin,jul-sept,0,118.5,-9.5
black-marlin,jul-sept,0,122.5,-9.5
black-marlin,jul-sept,0,125.5,-9.5
black-marlin,jul-sept,0,126.5,-9.5
black-marlin,jul-sept,0,127.5,-9.5
black-marlin,jul-sept,0,133.5,-9.5
black-marlin,jul-sept,0,144.5,-9.5
black-marlin,jul-sept,0,145.5,-9.5
black-marlin,jul-sept,0,146.5,-9.5
black-marlin,jul-sept,0,147.5,-9.5
black-marlin,jul-sept,0,151.5,-9.5
black-marlin,jul-sept,0,152.5,-9.5
black-marlin,jul-sept,0,153.5,-9.5
black-marlin,jul-sept,0,154.5,-9.5
black-marlin,jul-sept,0,155.5,-9.5
black-marlin,jul-sept,0,156.5,-9.5
black-marlin,jul-sept,0,157.5,-9.5
black-marlin,jul-sept,0,158.5,-9.5
black-marlin,jul-sept,0,161.5,-9.5
black-marlin,jul-sept,0,162.5,-9.5
black-marlin,jul-sept,0,166.5,-9.5
black-marlin,jul-sept,0,171.5,-9.5
black-marlin,jul-sept,0,-176.5,-8.5
black-marlin,jul-sept,0,-173.5,-8.5
black-marlin,jul-sept,0,-154.5,-8.5
black-marlin,jul-sept,0,-148.5,-8.5
black-marlin,jul-sept,0,-144.5,-8.5
black-marlin,jul-sept,0,-143.5,-8.5
black-marlin,jul-sept,0,-142.5,-8.5
black-marlin,jul-sept,0,-141.5,-8.5
black-marlin,jul-sept,0,-138.5,-8.5
black-marlin,jul-sept,0,-137.5,-8.5
black-marlin,jul-sept,0,-97.5,-8.5
black-marlin,jul-sept,0,55.5,-8.5
black-marlin,jul-sept,0,57.5,-8.5
black-marlin,jul-sept,0,79.5,-8.5
black-marlin,jul-sept,0,86.5,-8.5
black-marlin,jul-sept,0,87.5,-8.5
black-marlin,jul-sept,0,93.5,-8.5
black-marlin,jul-sept,0,97.5,-8.5
black-marlin,jul-sept,0,99.5,-8.5
black-marlin,jul-sept,0,100.5,-8.5
black-marlin,jul-sept,0,101.5,-8.5
black-marlin,jul-sept,0,102.5,-8.5
black-marlin,jul-sept,0,103.5,-8.5
black-marlin,jul-sept,0,104.5,-8.5
black-marlin,jul-sept,0,105.5,-8.5
black-marlin,jul-sept,0,106.5,-8.5
black-marlin,jul-sept,0,107.5,-8.5
black-marlin,jul-sept,0,108.5,-8.5
black-marlin,jul-sept,0,109.5,-8.5
black-marlin,jul-sept,0,110.5,-8.5
black-marlin,jul-sept,0,111.5,-8.5
black-marlin,jul-sept,0,112.5,-8.5
black-marlin,jul-sept,0,113.5,-8.5
black-marlin,jul-sept,0,114.5,-8.5
black-marlin,jul-sept,0,115.5,-8.5
black-marlin,jul-sept,0,124.5,-8.5
black-marlin,jul-sept,0,127.5,-8.5
black-marlin,jul-sept,0,128.5,-8.5
black-marlin,jul-sept,0,145.5,-8.5
black-marlin,jul-sept,0,146.5,-8.5
black-marlin,jul-sept,0,148.5,-8.5
black-marlin,jul-sept,0,149.5,-8.5
black-marlin,jul-sept,0,150.5,-8.5
black-marlin,jul-sept,0,151.5,-8.5
black-marlin,jul-sept,0,152.5,-8.5
black-marlin,jul-sept,0,153.5,-8.5
black-marlin,jul-sept,0,154.5,-8.5
black-marlin,jul-sept,0,155.5,-8.5
black-marlin,jul-sept,0,156.5,-8.5
black-marlin,jul-sept,0,161.5,-8.5
black-marlin,jul-sept,0,164.5,-8.5
black-marlin,jul-sept,0,-160.5,-7.5
black-marlin,jul-sept,0,-159.5,-7.5
black-marlin,jul-sept,0,-155.5,-7.5
black-marlin,jul-sept,0,-144.5,-7.5
black-marlin,jul-sept,0,-141.5,-7.5
black-marlin,jul-sept,0,-96.5,-7.5
black-marlin,jul-sept,0,5.5,-7.5
black-marlin,jul-sept,0,44.5,-7.5
black-marlin,jul-sept,0,55.5,-7.5
black-marlin,jul-sept,0,83.5,-7.5
black-marlin,jul-sept,0,85.5,-7.5
black-marlin,jul-sept,0,87.5,-7.5
black-marlin,jul-sept,0,93.5,-7.5
black-marlin,jul-sept,0,94.5,-7.5
black-marlin,jul-sept,0,96.5,-7.5
black-marlin,jul-sept,0,97.5,-7.5
black-marlin,jul-sept,0,99.5,-7.5
black-marlin,jul-sept,0,100.5,-7.5
black-marlin,jul-sept,0,101.5,-7.5
black-marlin,jul-sept,0,102.5,-7.5
black-marlin,jul-sept,0,103.5,-7.5
black-marlin,jul-sept,0,104.5,-7.5
black-marlin,jul-sept,0,105.5,-7.5
black-marlin,jul-sept,0,106.5,-7.5
black-marlin,jul-sept,0,107.5,-7.5
black-marlin,jul-sept,0,147.5,-7.5
black-marlin,jul-sept,0,148.5,-7.5
black-marlin,jul-sept,0,149.5,-7.5
black-marlin,jul-sept,0,150.5,-7.5
black-marlin,jul-sept,0,151.5,-7.5
black-marlin,jul-sept,0,152.5,-7.5
black-marlin,jul-sept,0,153.5,-7.5
black-marlin,jul-sept,0,155.5,-7.5
black-marlin,jul-sept,0,156.5,-7.5
black-marlin,jul-sept,0,159.5,-7.5
black-marlin,jul-sept,0,160.5,-7.5
black-marlin,jul-sept,0,162.5,-7.5
black-marlin,jul-sept,0,169.5,-7.5
black-marlin,jul-sept,0,-176.5,-6.5
black-marlin,jul-sept,0,-164.5,-6.5
black-marlin,jul-sept,0,-163.5,-6.5
black-marlin,jul-sept,0,-159.5,-6.5
black-marlin,jul-sept,0,-147.5,-6.5
black-marlin,jul-sept,0,-140.5,-6.5
black-marlin,jul-sept,0,-139.5,-6.5
black-marlin,jul-sept,0,-132.5,-6.5
black-marlin,jul-sept,0,-124.5,-6.5
black-marlin,jul-sept,0,-87.5,-6.5
black-marlin,jul-sept,0,-86.5,-6.5
black-marlin,jul-sept,0,8.5,-6.5
black-marlin,jul-sept,0,43.5,-6.5
black-marlin,jul-sept,0,49.5,-6.5
black-marlin,jul-sept,0,50.5,-6.5
black-marlin,jul-sept,0,51.5,-6.5
black-marlin,jul-sept,0,55.5,-6.5
black-marlin,jul-sept,0,79.5,-6.5
black-marlin,jul-sept,0,80.5,-6.5
black-marlin,jul-sept,0,93.5,-6.5
black-marlin,jul-sept,0,95.5,-6.5
black-marlin,jul-sept,0,96.5,-6.5
black-marlin,jul-sept,0,97.5,-6.5
black-marlin,jul-sept,0,100.5,-6.5
black-marlin,jul-sept,0,101.5,-6.5
black-marlin,jul-sept,0,102.5,-6.5
black-marlin,jul-sept,0,103.5,-6.5
black-marlin,jul-sept,0,104.5,-6.5
black-marlin,jul-sept,0,105.5,-6.5
black-marlin,jul-sept,0,147.5,-6.5
black-marlin,jul-sept,0,148.5,-6.5
black-marlin,jul-sept,0,149.5,-6.5
black-marlin,jul-sept,0,150.5,-6.5
black-marlin,jul-sept,0,151.5,-6.5
black-marlin,jul-sept,0,152.5,-6.5
black-marlin,jul-sept,0,153.5,-6.5
black-marlin,jul-sept,0,154.5,-6.5
black-marlin,jul-sept,0,157.5,-6.5
black-marlin,jul-sept,0,158.5,-6.5
black-marlin,jul-sept,0,159.5,-6.5
black-marlin,jul-sept,0,160.5,-6.5
black-marlin,jul-sept,0,161.5,-6.5
black-marlin,jul-sept,0,168.5,-6.5
black-marlin,jul-sept,0,169.5,-6.5
black-marlin,jul-sept,0,170.5,-6.5
black-marlin,jul-sept,0,171.5,-6.5
black-marlin,jul-sept,0,-175.5,-5.5
black-marlin,jul-sept,0,-172.5,-5.5
black-marlin,jul-sept,0,-171.5,-5.5
black-marlin,jul-sept,0,-150.5,-5.5
black-marlin,jul-sept,0,-148.5,-5.5
black-marlin,jul-sept,0,-143.5,-5.5
black-marlin,jul-sept,0,-137.5,-5.5
black-marlin,jul-sept,0,-132.5,-5.5
black-marlin,jul-sept,0,-130.5,-5.5
black-marlin,jul-sept,0,-92.5,-5.5
black-marlin,jul-sept,0,-87.5,-5.5
black-marlin,jul-sept,0,-86.5,-5.5
black-marlin,jul-sept,0,-85.5,-5.5
black-marlin,jul-sept,0,51.5,-5.5
black-marlin,jul-sept,0,79.5,-5.5
black-marlin,jul-sept,0,80.5,-5.5
black-marlin,jul-sept,0,81.5,-5.5
black-marlin,jul-sept,0,83.5,-5.5
black-marlin,jul-sept,0,98.5,-5.5
black-marlin,jul-sept,0,99.5,-5.5
black-marlin,jul-sept,0,100.5,-5.5
black-marlin,jul-sept,0,101.5,-5.5
black-marlin,jul-sept,0,102.5,-5.5
black-marlin,jul-sept,0,103.5,-5.5
black-marlin,jul-sept,0,126.5,-5.5
black-marlin,jul-sept,0,146.5,-5.5
black-marlin,jul-sept,0,152.5,-5.5
black-marlin,jul-sept,0,153.5,-5.5
black-marlin,jul-sept,0,154.5,-5.5
black-marlin,jul-sept,0,155.5,-5.5
black-marlin,jul-sept,0,157.5,-5.5
black-marlin,jul-sept,0,165.5,-5.5
black-marlin,jul-sept,0,167.5,-5.5
black-marlin,jul-sept,0,168.5,-5.5
black-marlin,jul-sept,0,171.5,-5.5
black-marlin,jul-sept,0,172.5,-5.5
black-marlin,jul-sept,0,-179.5,-4.5
black-marlin,jul-sept,0,-175.5,-4.5
black-marlin,jul-sept,0,-173.5,-4.5
black-marlin,jul-sept,0,-171.5,-4.5
black-marlin,jul-sept,0,-170.5,-4.5
black-marlin,jul-sept,0,-167.5,-4.5
black-marlin,jul-sept,0,-166.5,-4.5
black-marlin,jul-sept,0,-165.5,-4.5
black-marlin,jul-sept,0,-155.5,-4.5
black-marlin,jul-sept,0,-153.5,-4.5
black-marlin,jul-sept,0,-152.5,-4.5
black-marlin,jul-sept,0,-151.5,-4.5
black-marlin,jul-sept,0,-147.5,-4.5
black-marlin,jul-sept,0,-146.5,-4.5
black-marlin,jul-sept,0,-143.5,-4.5
black-marlin,jul-sept,0,-142.5,-4.5
black-marlin,jul-sept,0,-141.5,-4.5
black-marlin,jul-sept,0,-140.5,-4.5
black-marlin,jul-sept,0,45.5,-4.5
black-marlin,jul-sept,0,51.5,-4.5
black-marlin,jul-sept,0,95.5,-4.5
black-marlin,jul-sept,0,97.5,-4.5
black-marlin,jul-sept,0,98.5,-4.5
black-marlin,jul-sept,0,99.5,-4.5
black-marlin,jul-sept,0,100.5,-4.5
black-marlin,jul-sept,0,102.5,-4.5
black-marlin,jul-sept,0,106.5,-4.5
black-marlin,jul-sept,0,118.5,-4.5
black-marlin,jul-sept,0,125.5,-4.5
black-marlin,jul-sept,0,145.5,-4.5
black-marlin,jul-sept,0,146.5,-4.5
black-marlin,jul-sept,0,147.5,-4.5
black-marlin,jul-sept,0,149.5,-4.5
black-marlin,jul-sept,0,150.5,-4.5
black-marlin,jul-sept,0,152.5,-4.5
black-marlin,jul-sept,0,153.5,-4.5
black-marlin,jul-sept,0,154.5,-4.5
black-marlin,jul-sept,0,155.5,-4.5
black-marlin,jul-sept,0,156.5,-4.5
black-marlin,jul-sept,0,157.5,-4.5
black-marlin,jul-sept,0,158.5,-4.5
black-marlin,jul-sept,0,161.5,-4.5
black-marlin,jul-sept,0,162.5,-4.5
black-marlin,jul-sept,0,163.5,-4.5
black-marlin,jul-sept,0,164.5,-4.5
black-marlin,jul-sept,0,166.5,-4.5
black-marlin,jul-sept,0,167.5,-4.5
black-marlin,jul-sept,0,168.5,-4.5
black-marlin,jul-sept,0,169.5,-4.5
black-marlin,jul-sept,0,173.5,-4.5
black-marlin,jul-sept,0,-179.5,-3.5
black-marlin,jul-sept,0,-178.5,-3.5
black-marlin,jul-sept,0,-175.5,-3.5
black-marlin,jul-sept,0,-174.5,-3.5
black-marlin,jul-sept,0,-173.5,-3.5
black-marlin,jul-sept,0,-172.5,-3.5
black-marlin,jul-sept,0,-171.5,-3.5
black-marlin,jul-sept,0,-170.5,-3.5
black-marlin,jul-sept,0,-169.5,-3.5
black-marlin,jul-sept,0,-168.5,-3.5
black-marlin,jul-sept,0,-167.5,-3.5
black-marlin,jul-sept,0,-166.5,-3.5
black-marlin,jul-sept,0,-158.5,-3.5
black-marlin,jul-sept,0,-157.5,-3.5
black-marlin,jul-sept,0,-156.5,-3.5
black-marlin,jul-sept,0,-155.5,-3.5
black-marlin,jul-sept,0,-153.5,-3.5
black-marlin,jul-sept,0,-152.5,-3.5
black-marlin,jul-sept,0,-148.5,-3.5
black-marlin,jul-sept,0,-147.5,-3.5
black-marlin,jul-sept,0,-146.5,-3.5
black-marlin,jul-sept,0,-145.5,-3.5
black-marlin,jul-sept,0,-142.5,-3.5
black-marlin,jul-sept,0,-140.5,-3.5
black-marlin,jul-sept,0,-121.5,-3.5
black-marlin,jul-sept,0,47.5,-3.5
black-marlin,jul-sept,0,96.5,-3.5
black-marlin,jul-sept,0,97.5,-3.5
black-marlin,jul-sept,0,98.5,-3.5
black-marlin,jul-sept,0,99.5,-3.5
black-marlin,jul-sept,0,100.5,-3.5
black-marlin,jul-sept,0,144.5,-3.5
black-marlin,jul-sept,0,145.5,-3.5
black-marlin,jul-sept,0,146.5,-3.5
black-marlin,jul-sept,0,148.5,-3.5
black-marlin,jul-sept,0,149.5,-3.5
black-marlin,jul-sept,0,150.5,-3.5
black-marlin,jul-sept,0,151.5,-3.5
black-marlin,jul-sept,0,152.5,-3.5
black-marlin,jul-sept,0,153.5,-3.5
black-marlin,jul-sept,0,154.5,-3.5
black-marlin,jul-sept,0,155.5,-3.5
black-marlin,jul-sept,0,156.5,-3.5
black-marlin,jul-sept,0,157.5,-3.5
black-marlin,jul-sept,0,158.5,-3.5
black-marlin,jul-sept,0,159.5,-3.5
black-marlin,jul-sept,0,160.5,-3.5
black-marlin,jul-sept,0,161.5,-3.5
black-marlin,jul-sept,0,162.5,-3.5
black-marlin,jul-sept,0,163.5,-3.5
black-marlin,jul-sept,0,164.5,-3.5
black-marlin,jul-sept,0,165.5,-3.5
black-marlin,jul-sept,0,166.5,-3.5
black-marlin,jul-sept,0,173.5,-3.5
black-marlin,jul-sept,0,174.5,-3.5
black-marlin,jul-sept,0,177.5,-3.5
black-marlin,jul-sept,0,179.5,-3.5
black-marlin,jul-sept,0,-179.5,-2.5
black-marlin,jul-sept,0,-178.5,-2.5
black-marlin,jul-sept,0,-177.5,-2.5
black-marlin,jul-sept,0,-175.5,-2.5
black-marlin,jul-sept,0,-174.5,-2.5
black-marlin,jul-sept,0,-173.5,-2.5
black-marlin,jul-sept,0,-172.5,-2.5
black-marlin,jul-sept,0,-171.5,-2.5
black-marlin,jul-sept,0,-170.5,-2.5
black-marlin,jul-sept,0,-169.5,-2.5
black-marlin,jul-sept,0,-168.5,-2.5
black-marlin,jul-sept,0,-167.5,-2.5
black-marlin,jul-sept,0,-166.5,-2.5
black-marlin,jul-sept,0,-165.5,-2.5
black-marlin,jul-sept,0,-164.5,-2.5
black-marlin,jul-sept,0,-163.5,-2.5
black-marlin,jul-sept,0,-162.5,-2.5
black-marlin,jul-sept,0,-160.5,-2.5
black-marlin,jul-sept,0,-157.5,-2.5
black-marlin,jul-sept,0,-156.5,-2.5
black-marlin,jul-sept,0,-155.5,-2.5
black-marlin,jul-sept,0,-154.5,-2.5
black-marlin,jul-sept,0,-153.5,-2.5
black-marlin,jul-sept,0,-152.5,-2.5
black-marlin,jul-sept,0,-148.5,-2.5
black-marlin,jul-sept,0,-147.5,-2.5
black-marlin,jul-sept,0,-146.5,-2.5
black-marlin,jul-sept,0,-145.5,-2.5
black-marlin,jul-sept,0,-144.5,-2.5
black-marlin,jul-sept,0,-143.5,-2.5
black-marlin,jul-sept,0,-142.5,-2.5
black-marlin,jul-sept,0,-141.5,-2.5
black-marlin,jul-sept,0,-133.5,-2.5
black-marlin,jul-sept,0,-132.5,-2.5
black-marlin,jul-sept,0,-130.5,-2.5
black-marlin,jul-sept,0,-105.5,-2.5
black-marlin,jul-sept,0,-103.5,-2.5
black-marlin,jul-sept,0,-84.5,-2.5
black-marlin,jul-sept,0,48.5,-2.5
black-marlin,jul-sept,0,83.5,-2.5
black-marlin,jul-sept,0,85.5,-2.5
black-marlin,jul-sept,0,94.5,-2.5
black-marlin,jul-sept,0,97.5,-2.5
black-marlin,jul-sept,0,98.5,-2.5
black-marlin,jul-sept,0,99.5,-2.5
black-marlin,jul-sept,0,129.5,-2.5
black-marlin,jul-sept,0,143.5,-2.5
black-marlin,jul-sept,0,144.5,-2.5
black-marlin,jul-sept,0,145.5,-2.5
black-marlin,jul-sept,0,147.5,-2.5
black-marlin,jul-sept,0,148.5,-2.5
black-marlin,jul-sept,0,150.5,-2.5
black-marlin,jul-sept,0,151.5,-2.5
black-marlin,jul-sept,0,152.5,-2.5
black-marlin,jul-sept,0,154.5,-2.5
black-marlin,jul-sept,0,155.5,-2.5
black-marlin,jul-sept,0,157.5,-2.5
black-marlin,jul-sept,0,158.5,-2.5
black-marlin,jul-sept,0,159.5,-2.5
black-marlin,jul-sept,0,160.5,-2.5
black-marlin,jul-sept,0,161.5,-2.5
black-marlin,jul-sept,0,162.5,-2.5
black-marlin,jul-sept,0,163.5,-2.5
black-marlin,jul-sept,0,164.5,-2.5
black-marlin,jul-sept,0,165.5,-2.5
black-marlin,jul-sept,0,166.5,-2.5
black-marlin,jul-sept,0,167.5,-2.5
black-marlin,jul-sept,0,171.5,-2.5
black-marlin,jul-sept,0,172.5,-2.5
black-marlin,jul-sept,0,177.5,-2.5
black-marlin,jul-sept,0,178.5,-2.5
black-marlin,jul-sept,0,179.5,-2.5
black-marlin,jul-sept,0,-179.5,-1.5
black-marlin,jul-sept,0,-177.5,-1.5
black-marlin,jul-sept,0,-175.5,-1.5
black-marlin,jul-sept,0,-174.5,-1.5
black-marlin,jul-sept,0,-172.5,-1.5
black-marlin,jul-sept,0,-170.5,-1.5
black-marlin,jul-sept,0,-169.5,-1.5
black-marlin,jul-sept,0,-168.5,-1.5
black-marlin,jul-sept,0,-167.5,-1.5
black-marlin,jul-sept,0,-166.5,-1.5
black-marlin,jul-sept,0,-165.5,-1.5
black-marlin,jul-sept,0,-164.5,-1.5
black-marlin,jul-sept,0,-163.5,-1.5
black-marlin,jul-sept,0,-161.5,-1.5
black-marlin,jul-sept,0,-160.5,-1.5
black-marlin,jul-sept,0,-159.5,-1.5
black-marlin,jul-sept,0,-158.5,-1.5
black-marlin,jul-sept,0,-157.5,-1.5
black-marlin,jul-sept,0,-156.5,-1.5
black-marlin,jul-sept,0,-155.5,-1.5
black-marlin,jul-sept,0,-154.5,-1.5
black-marlin,jul-sept,0,-152.5,-1.5
black-marlin,jul-sept,0,-150.5,-1.5
black-marlin,jul-sept,0,-149.5,-1.5
black-marlin,jul-sept,0,-147.5,-1.5
black-marlin,jul-sept,0,-145.5,-1.5
black-marlin,jul-sept,0,-144.5,-1.5
black-marlin,jul-sept,0,-143.5,-1.5
black-marlin,jul-sept,0,-133.5,-1.5
black-marlin,jul-sept,0,-132.5,-1.5
black-marlin,jul-sept,0,-97.5,-1.5
black-marlin,jul-sept,0,49.5,-1.5
black-marlin,jul-sept,0,70.5,-1.5
black-marlin,jul-sept,0,74.5,-1.5
black-marlin,jul-sept,0,77.5,-1.5
black-marlin,jul-sept,0,94.5,-1.5
black-marlin,jul-sept,0,98.5,-1.5
black-marlin,jul-sept,0,143.5,-1.5
black-marlin,jul-sept,0,144.5,-1.5
black-marlin,jul-sept,0,145.5,-1.5
black-marlin,jul-sept,0,146.5,-1.5
black-marlin,jul-sept,0,147.5,-1.5
black-marlin,jul-sept,0,148.5,-1.5
black-marlin,jul-sept,0,149.5,-1.5
black-marlin,jul-sept,0,150.5,-1.5
black-marlin,jul-sept,0,151.5,-1.5
black-marlin,jul-sept,0,152.5,-1.5
black-marlin,jul-sept,0,153.5,-1.5
black-marlin,jul-sept,0,154.5,-1.5
black-marlin,jul-sept,0,155.5,-1.5
black-marlin,jul-sept,0,156.5,-1.5
black-marlin,jul-sept,0,157.5,-1.5
black-marlin,jul-sept,0,158.5,-1.5
black-marlin,jul-sept,0,159.5,-1.5
black-marlin,jul-sept,0,160.5,-1.5
black-marlin,jul-sept,0,161.5,-1.5
black-marlin,jul-sept,0,162.5,-1.5
black-marlin,jul-sept,0,163.5,-1.5
black-marlin,jul-sept,0,166.5,-1.5
black-marlin,jul-sept,0,167.5,-1.5
black-marlin,jul-sept,0,170.5,-1.5
black-marlin,jul-sept,0,178.5,-1.5
black-marlin,jul-sept,0,179.5,-1.5
black-marlin,jul-sept,0,-179.5,-0.5
black-marlin,jul-sept,0,-178.5,-0.5
black-marlin,jul-sept,0,-172.5,-0.5
black-marlin,jul-sept,0,-171.5,-0.5
black-marlin,jul-sept,0,-168.5,-0.5
black-marlin,jul-sept,0,-167.5,-0.5
black-marlin,jul-sept,0,-166.5,-0.5
black-marlin,jul-sept,0,-165.5,-0.5
black-marlin,jul-sept,0,-164.5,-0.5
black-marlin,jul-sept,0,-162.5,-0.5
black-marlin,jul-sept,0,-161.5,-0.5
black-marlin,jul-sept,0,-160.5,-0.5
black-marlin,jul-sept,0,-159.5,-0.5
black-marlin,jul-sept,0,-158.5,-0.5
black-marlin,jul-sept,0,-157.5,-0.5
black-marlin,jul-sept,0,-156.5,-0.5
black-marlin,jul-sept,0,-153.5,-0.5
black-marlin,jul-sept,0,-152.5,-0.5
black-marlin,jul-sept,0,-146.5,-0.5
black-marlin,jul-sept,0,76.5,-0.5
black-marlin,jul-sept,0,80.5,-0.5
black-marlin,jul-sept,0,86.5,-0.5
black-marlin,jul-sept,0,125.5,-0.5
black-marlin,jul-sept,0,126.5,-0.5
black-marlin,jul-sept,0,144.5,-0.5
black-marlin,jul-sept,0,145.5,-0.5
black-marlin,jul-sept,0,146.5,-0.5
black-marlin,jul-sept,0,147.5,-0.5
black-marlin,jul-sept,0,148.5,-0.5
black-marlin,jul-sept,0,149.5,-0.5
black-marlin,jul-sept,0,150.5,-0.5
black-marlin,jul-sept,0,151.5,-0.5
black-marlin,jul-sept,0,152.5,-0.5
black-marlin,jul-sept,0,153.5,-0.5
black-marlin,jul-sept,0,155.5,-0.5
black-marlin,jul-sept,0,156.5,-0.5
black-marlin,jul-sept,0,157.5,-0.5
black-marlin,jul-sept,0,158.5,-0.5
black-marlin,jul-sept,0,159.5,-0.5
black-marlin,jul-sept,0,160.5,-0.5
black-marlin,jul-sept,0,161.5,-0.5
black-marlin,jul-sept,0,162.5,-0.5
black-marlin,jul-sept,0,165.5,-0.5
black-marlin,jul-sept,0,171.5,-0.5
black-marlin,jul-sept,0,173.5,-0.5
black-marlin,jul-sept,0,178.5,-0.5
black-marlin,jul-sept,0,179.5,-0.5
black-marlin,jul-sept,0,-172.5,0.5
black-marlin,jul-sept,0,-167.5,0.5
black-marlin,jul-sept,0,-166.5,0.5
black-marlin,jul-sept,0,-165.5,0.5
black-marlin,jul-sept,0,-164.5,0.5
black-marlin,jul-sept,0,-163.5,0.5
black-marlin,jul-sept,0,-162.5,0.5
black-marlin,jul-sept,0,-161.5,0.5
black-marlin,jul-sept,0,-160.5,0.5
black-marlin,jul-sept,0,-159.5,0.5
black-marlin,jul-sept,0,-158.5,0.5
black-marlin,jul-sept,0,-157.5,0.5
black-marlin,jul-sept,0,-156.5,0.5
black-marlin,jul-sept,0,-155.5,0.5
black-marlin,jul-sept,0,-143.5,0.5
black-marlin,jul-sept,0,-94.5,0.5
black-marlin,jul-sept,0,-93.5,0.5
black-marlin,jul-sept,0,-82.5,0.5
black-marlin,jul-sept,0,65.5,0.5
black-marlin,jul-sept,0,66.5,0.5
black-marlin,jul-sept,0,79.5,0.5
black-marlin,jul-sept,0,81.5,0.5
black-marlin,jul-sept,0,88.5,0.5
black-marlin,jul-sept,0,95.5,0.5
black-marlin,jul-sept,0,118.5,0.5
black-marlin,jul-sept,0,119.5,0.5
black-marlin,jul-sept,0,126.5,0.5
black-marlin,jul-sept,0,127.5,0.5
black-marlin,jul-sept,0,143.5,0.5
black-marlin,jul-sept,0,144.5,0.5
black-marlin,jul-sept,0,145.5,0.5
black-marlin,jul-sept,0,146.5,0.5
black-marlin,jul-sept,0,147.5,0.5
black-marlin,jul-sept,0,148.5,0.5
black-marlin,jul-sept,0,149.5,0.5
black-marlin,jul-sept,0,150.5,0.5
black-marlin,jul-sept,0,151.5,0.5
black-marlin,jul-sept,0,152.5,0.5
black-marlin,jul-sept,0,153.5,0.5
black-marlin,jul-sept,0,154.5,0.5
black-marlin,jul-sept,0,156.5,0.5
black-marlin,jul-sept,0,158.5,0.5
black-marlin,jul-sept,0,161.5,0.5
black-marlin,jul-sept,0,163.5,0.5
black-marlin,jul-sept,0,178.5,0.5
black-marlin,jul-sept,0,179.5,0.5
black-marlin,jul-sept,0,-179.5,1.5
black-marlin,jul-sept,0,-178.5,1.5
black-marlin,jul-sept,0,-177.5,1.5
black-marlin,jul-sept,0,-176.5,1.5
black-marlin,jul-sept,0,-175.5,1.5
black-marlin,jul-sept,0,-174.5,1.5
black-marlin,jul-sept,0,-173.5,1.5
black-marlin,jul-sept,0,-172.5,1.5
black-marlin,jul-sept,0,-171.5,1.5
black-marlin,jul-sept,0,-170.5,1.5
black-marlin,jul-sept,0,-169.5,1.5
black-marlin,jul-sept,0,-168.5,1.5
black-marlin,jul-sept,0,-167.5,1.5
black-marlin,jul-sept,0,-166.5,1.5
black-marlin,jul-sept,0,-165.5,1.5
black-marlin,jul-sept,0,-164.5,1.5
black-marlin,jul-sept,0,-163.5,1.5
black-marlin,jul-sept,0,-162.5,1.5
black-marlin,jul-sept,0,-161.5,1.5
black-marlin,jul-sept,0,-160.5,1.5
black-marlin,jul-sept,0,-159.5,1.5
black-marlin,jul-sept,0,-158.5,1.5
black-marlin,jul-sept,0,-157.5,1.5
black-marlin,jul-sept,0,-156.5,1.5
black-marlin,jul-sept,0,-155.5,1.5
black-marlin,jul-sept,0,-154.5,1.5
black-marlin,jul-sept,0,-153.5,1.5
black-marlin,jul-sept,0,-152.5,1.5
black-marlin,jul-sept,0,-151.5,1.5
black-marlin,jul-sept,0,-149.5,1.5
black-marlin,jul-sept,0,-148.5,1.5
black-marlin,jul-sept,0,-147.5,1.5
black-marlin,jul-sept,0,-142.5,1.5
black-marlin,jul-sept,0,-130.5,1.5
black-marlin,jul-sept,0,-125.5,1.5
black-marlin,jul-sept,0,-124.5,1.5
black-marlin,jul-sept,0,-114.5,1.5
black-marlin,jul-sept,0,-105.5,1.5
black-marlin,jul-sept,0,-98.5,1.5
black-marlin,jul-sept,0,-97.5,1.5
black-marlin,jul-sept,0,-92.5,1.5
black-marlin,jul-sept,0,-85.5,1.5
black-marlin,jul-sept,0,65.5,1.5
black-marlin,jul-sept,0,83.5,1.5
black-marlin,jul-sept,0,96.5,1.5
black-marlin,jul-sept,0,119.5,1.5
black-marlin,jul-sept,0,120.5,1.5
black-marlin,jul-sept,0,121.5,1.5
black-marlin,jul-sept,0,122.5,1.5
black-marlin,jul-sept,0,129.5,1.5
black-marlin,jul-sept,0,143.5,1.5
black-marlin,jul-sept,0,144.5,1.5
black-marlin,jul-sept,0,145.5,1.5
black-marlin,jul-sept,0,147.5,1.5
black-marlin,jul-sept,0,148.5,1.5
black-marlin,jul-sept,0,149.5,1.5
black-marlin,jul-sept,0,150.5,1.5
black-marlin,jul-sept,0,151.5,1.5
black-marlin,jul-sept,0,152.5,1.5
black-marlin,jul-sept,0,153.5,1.5
black-marlin,jul-sept,0,154.5,1.5
black-marlin,jul-sept,0,155.5,1.5
black-marlin,jul-sept,0,156.5,1.5
black-marlin,jul-sept,0,157.5,1.5
black-marlin,jul-sept,0,158.5,1.5
black-marlin,jul-sept,0,163.5,1.5
black-marlin,jul-sept,0,164.5,1.5
black-marlin,jul-sept,0,165.5,1.5
black-marlin,jul-sept,0,168.5,1.5
black-marlin,jul-sept,0,169.5,1.5
black-marlin,jul-sept,0,171.5,1.5
black-marlin,jul-sept,0,174.5,1.5
black-marlin,jul-sept,0,175.5,1.5
black-marlin,jul-sept,0,-179.5,2.5
black-marlin,jul-sept,0,-178.5,2.5
black-marlin,jul-sept,0,-177.5,2.5
black-marlin,jul-sept,0,-176.5,2.5
black-marlin,jul-sept,0,-175.5,2.5
black-marlin,jul-sept,0,-174.5,2.5
black-marlin,jul-sept,0,-173.5,2.5
black-marlin,jul-sept,0,-172.5,2.5
black-marlin,jul-sept,0,-171.5,2.5
black-marlin,jul-sept,0,-170.5,2.5
black-marlin,jul-sept,0,-169.5,2.5
black-marlin,jul-sept,0,-168.5,2.5
black-marlin,jul-sept,0,-167.5,2.5
black-marlin,jul-sept,0,-166.5,2.5
black-marlin,jul-sept,0,-165.5,2.5
black-marlin,jul-sept,0,-164.5,2.5
black-marlin,jul-sept,0,-163.5,2.5
black-marlin,jul-sept,0,-162.5,2.5
black-marlin,jul-sept,0,-161.5,2.5
black-marlin,jul-sept,0,-160.5,2.5
black-marlin,jul-sept,0,-159.5,2.5
black-marlin,jul-sept,0,-158.5,2.5
black-marlin,jul-sept,0,-157.5,2.5
black-marlin,jul-sept,0,-156.5,2.5
black-marlin,jul-sept,0,-155.5,2.5
black-marlin,jul-sept,0,-154.5,2.5
black-marlin,jul-sept,0,-153.5,2.5
black-marlin,jul-sept,0,-152.5,2.5
black-marlin,jul-sept,0,-151.5,2.5
black-marlin,jul-sept,0,-150.5,2.5
black-marlin,jul-sept,0,-149.5,2.5
black-marlin,jul-sept,0,-148.5,2.5
black-marlin,jul-sept,0,-147.5,2.5
black-marlin,jul-sept,0,-143.5,2.5
black-marlin,jul-sept,0,-142.5,2.5
black-marlin,jul-sept,0,-139.5,2.5
black-marlin,jul-sept,0,-138.5,2.5
black-marlin,jul-sept,0,-137.5,2.5
black-marlin,jul-sept,0,-128.5,2.5
black-marlin,jul-sept,0,-117.5,2.5
black-marlin,jul-sept,0,-116.5,2.5
black-marlin,jul-sept,0,-115.5,2.5
black-marlin,jul-sept,0,-112.5,2.5
black-marlin,jul-sept,0,-109.5,2.5
black-marlin,jul-sept,0,-102.5,2.5
black-marlin,jul-sept,0,-99.5,2.5
black-marlin,jul-sept,0,-98.5,2.5
black-marlin,jul-sept,0,-95.5,2.5
black-marlin,jul-sept,0,-91.5,2.5
black-marlin,jul-sept,0,-86.5,2.5
black-marlin,jul-sept,0,64.5,2.5
black-marlin,jul-sept,0,65.5,2.5
black-marlin,jul-sept,0,77.5,2.5
black-marlin,jul-sept,0,86.5,2.5
black-marlin,jul-sept,0,94.5,2.5
black-marlin,jul-sept,0,119.5,2.5
black-marlin,jul-sept,0,120.5,2.5
black-marlin,jul-sept,0,121.5,2.5
black-marlin,jul-sept,0,122.5,2.5
black-marlin,jul-sept,0,125.5,2.5
black-marlin,jul-sept,0,141.5,2.5
black-marlin,jul-sept,0,142.5,2.5
black-marlin,jul-sept,0,144.5,2.5
black-marlin,jul-sept,0,145.5,2.5
black-marlin,jul-sept,0,146.5,2.5
black-marlin,jul-sept,0,147.5,2.5
black-marlin,jul-sept,0,148.5,2.5
black-marlin,jul-sept,0,149.5,2.5
black-marlin,jul-sept,0,151.5,2.5
black-marlin,jul-sept,0,152.5,2.5
black-marlin,jul-sept,0,153.5,2.5
black-marlin,jul-sept,0,154.5,2.5
black-marlin,jul-sept,0,155.5,2.5
black-marlin,jul-sept,0,156.5,2.5
black-marlin,jul-sept,0,157.5,2.5
black-marlin,jul-sept,0,160.5,2.5
black-marlin,jul-sept,0,161.5,2.5
black-marlin,jul-sept,0,162.5,2.5
black-marlin,jul-sept,0,163.5,2.5
black-marlin,jul-sept,0,164.5,2.5
black-marlin,jul-sept,0,165.5,2.5
black-marlin,jul-sept,0,166.5,2.5
black-marlin,jul-sept,0,168.5,2.5
black-marlin,jul-sept,0,169.5,2.5
black-marlin,jul-sept,0,170.5,2.5
black-marlin,jul-sept,0,171.5,2.5
black-marlin,jul-sept,0,173.5,2.5
black-marlin,jul-sept,0,174.5,2.5
black-marlin,jul-sept,0,175.5,2.5
black-marlin,jul-sept,0,179.5,2.5
black-marlin,jul-sept,0,-179.5,3.5
black-marlin,jul-sept,0,-178.5,3.5
black-marlin,jul-sept,0,-177.5,3.5
black-marlin,jul-sept,0,-176.5,3.5
black-marlin,jul-sept,0,-175.5,3.5
black-marlin,jul-sept,0,-174.5,3.5
black-marlin,jul-sept,0,-173.5,3.5
black-marlin,jul-sept,0,-172.5,3.5
black-marlin,jul-sept,0,-171.5,3.5
black-marlin,jul-sept,0,-170.5,3.5
black-marlin,jul-sept,0,-169.5,3.5
black-marlin,jul-sept,0,-168.5,3.5
black-marlin,jul-sept,0,-167.5,3.5
black-marlin,jul-sept,0,-166.5,3.5
black-marlin,jul-sept,0,-165.5,3.5
black-marlin,jul-sept,0,-164.5,3.5
black-marlin,jul-sept,0,-163.5,3.5
black-marlin,jul-sept,0,-162.5,3.5
black-marlin,jul-sept,0,-161.5,3.5
black-marlin,jul-sept,0,-160.5,3.5
black-marlin,jul-sept,0,-159.5,3.5
black-marlin,jul-sept,0,-158.5,3.5
black-marlin,jul-sept,0,-157.5,3.5
black-marlin,jul-sept,0,-156.5,3.5
black-marlin,jul-sept,0,-155.5,3.5
black-marlin,jul-sept,0,-154.5,3.5
black-marlin,jul-sept,0,-153.5,3.5
black-marlin,jul-sept,0,-152.5,3.5
black-marlin,jul-sept,0,-151.5,3.5
black-marlin,jul-sept,0,-150.5,3.5
black-marlin,jul-sept,0,-149.5,3.5
black-marlin,jul-sept,0,-148.5,3.5
black-marlin,jul-sept,0,-147.5,3.5
black-marlin,jul-sept,0,-146.5,3.5
black-marlin,jul-sept,0,-145.5,3.5
black-marlin,jul-sept,0,-144.5,3.5
black-marlin,jul-sept,0,-143.5,3.5
black-marlin,jul-sept,0,-141.5,3.5
black-marlin,jul-sept,0,-140.5,3.5
black-marlin,jul-sept,0,-139.5,3.5
black-marlin,jul-sept,0,-129.5,3.5
black-marlin,jul-sept,0,-120.5,3.5
black-marlin,jul-sept,0,-117.5,3.5
black-marlin,jul-sept,0,-116.5,3.5
black-marlin,jul-sept,0,-114.5,3.5
black-marlin,jul-sept,0,-112.5,3.5
black-marlin,jul-sept,0,-111.5,3.5
black-marlin,jul-sept,0,-109.5,3.5
black-marlin,jul-sept,0,-108.5,3.5
black-marlin,jul-sept,0,-103.5,3.5
black-marlin,jul-sept,0,-100.5,3.5
black-marlin,jul-sept,0,-99.5,3.5
black-marlin,jul-sept,0,-95.5,3.5
black-marlin,jul-sept,0,-91.5,3.5
black-marlin,jul-sept,0,89.5,3.5
black-marlin,jul-sept,0,94.5,3.5
black-marlin,jul-sept,0,120.5,3.5
black-marlin,jul-sept,0,121.5,3.5
black-marlin,jul-sept,0,122.5,3.5
black-marlin,jul-sept,0,123.5,3.5
black-marlin,jul-sept,0,127.5,3.5
black-marlin,jul-sept,0,128.5,3.5
black-marlin,jul-sept,0,135.5,3.5
black-marlin,jul-sept,0,136.5,3.5
black-marlin,jul-sept,0,137.5,3.5
black-marlin,jul-sept,0,138.5,3.5
black-marlin,jul-sept,0,139.5,3.5
black-marlin,jul-sept,0,141.5,3.5
black-marlin,jul-sept,0,142.5,3.5
black-marlin,jul-sept,0,143.5,3.5
black-marlin,jul-sept,0,144.5,3.5
black-marlin,jul-sept,0,145.5,3.5
black-marlin,jul-sept,0,146.5,3.5
black-marlin,jul-sept,0,147.5,3.5
black-marlin,jul-sept,0,148.5,3.5
black-marlin,jul-sept,0,149.5,3.5
black-marlin,jul-sept,0,150.5,3.5
black-marlin,jul-sept,0,151.5,3.5
black-marlin,jul-sept,0,152.5,3.5
black-marlin,jul-sept,0,153.5,3.5
black-marlin,jul-sept,0,154.5,3.5
black-marlin,jul-sept,0,155.5,3.5
black-marlin,jul-sept,0,156.5,3.5
black-marlin,jul-sept,0,157.5,3.5
black-marlin,jul-sept,0,158.5,3.5
black-marlin,jul-sept,0,159.5,3.5
black-marlin,jul-sept,0,160.5,3.5
black-marlin,jul-sept,0,161.5,3.5
black-marlin,jul-sept,0,162.5,3.5
black-marlin,jul-sept,0,163.5,3.5
black-marlin,jul-sept,0,164.5,3.5
black-marlin,jul-sept,0,165.5,3.5
black-marlin,jul-sept,0,168.5,3.5
black-marlin,jul-sept,0,170.5,3.5
black-marlin,jul-sept,0,172.5,3.5
black-marlin,jul-sept,0,173.5,3.5
black-marlin,jul-sept,0,174.5,3.5
black-marlin,jul-sept,0,175.5,3.5
black-marlin,jul-sept,0,177.5,3.5
black-marlin,jul-sept,0,178.5,3.5
black-marlin,jul-sept,0,179.5,3.5
black-marlin,jul-sept,0,-179.5,4.5
black-marlin,jul-sept,0,-178.5,4.5
black-marlin,jul-sept,0,-177.5,4.5
black-marlin,jul-sept,0,-176.5,4.5
black-marlin,jul-sept,0,-175.5,4.5
black-marlin,jul-sept,0,-174.5,4.5
black-marlin,jul-sept,0,-173.5,4.5
black-marlin,jul-sept,0,-172.5,4.5
black-marlin,jul-sept,0,-171.5,4.5
black-marlin,jul-sept,0,-170.5,4.5
black-marlin,jul-sept,0,-169.5,4.5
black-marlin,jul-sept,0,-168.5,4.5
black-marlin,jul-sept,0,-167.5,4.5
black-marlin,jul-sept,0,-166.5,4.5
black-marlin,jul-sept,0,-165.5,4.5
black-marlin,jul-sept,0,-164.5,4.5
black-marlin,jul-sept,0,-163.5,4.5
black-marlin,jul-sept,0,-162.5,4.5
black-marlin,jul-sept,0,-161.5,4.5
black-marlin,jul-sept,0,-160.5,4.5
black-marlin,jul-sept,0,-159.5,4.5
black-marlin,jul-sept,0,-158.5,4.5
black-marlin,jul-sept,0,-157.5,4.5
black-marlin,jul-sept,0,-156.5,4.5
black-marlin,jul-sept,0,-155.5,4.5
black-marlin,jul-sept,0,-154.5,4.5
black-marlin,jul-sept,0,-153.5,4.5
black-marlin,jul-sept,0,-152.5,4.5
black-marlin,jul-sept,0,-151.5,4.5
black-marlin,jul-sept,0,-150.5,4.5
black-marlin,jul-sept,0,-149.5,4.5
black-marlin,jul-sept,0,-148.5,4.5
black-marlin,jul-sept,0,-146.5,4.5
black-marlin,jul-sept,0,-145.5,4.5
black-marlin,jul-sept,0,-144.5,4.5
black-marlin,jul-sept,0,-143.5,4.5
black-marlin,jul-sept,0,-142.5,4.5
black-marlin,jul-sept,0,-141.5,4.5
black-marlin,jul-sept,0,-139.5,4.5
black-marlin,jul-sept,0,-136.5,4.5
black-marlin,jul-sept,0,-132.5,4.5
black-marlin,jul-sept,0,-131.5,4.5
black-marlin,jul-sept,0,-123.5,4.5
black-marlin,jul-sept,0,-122.5,4.5
black-marlin,jul-sept,0,-121.5,4.5
black-marlin,jul-sept,0,-116.5,4.5
black-marlin,jul-sept,0,-115.5,4.5
black-marlin,jul-sept,0,-114.5,4.5
black-marlin,jul-sept,0,-112.5,4.5
black-marlin,jul-sept,0,-111.5,4.5
black-marlin,jul-sept,0,-110.5,4.5
black-marlin,jul-sept,0,-109.5,4.5
black-marlin,jul-sept,0,-108.5,4.5
black-marlin,jul-sept,0,-107.5,4.5
black-marlin,jul-sept,0,-106.5,4.5
black-marlin,jul-sept,0,-105.5,4.5
black-marlin,jul-sept,0,-104.5,4.5
black-marlin,jul-sept,0,-103.5,4.5
black-marlin,jul-sept,0,-102.5,4.5
black-marlin,jul-sept,0,-100.5,4.5
black-marlin,jul-sept,0,-99.5,4.5
black-marlin,jul-sept,0,-94.5,4.5
black-marlin,jul-sept,0,92.5,4.5
black-marlin,jul-sept,0,93.5,4.5
black-marlin,jul-sept,0,95.5,4.5
black-marlin,jul-sept,0,106.5,4.5
black-marlin,jul-sept,0,124.5,4.5
black-marlin,jul-sept,0,127.5,4.5
black-marlin,jul-sept,0,129.5,4.5
black-marlin,jul-sept,0,136.5,4.5
black-marlin,jul-sept,0,138.5,4.5
black-marlin,jul-sept,0,139.5,4.5
black-marlin,jul-sept,0,140.5,4.5
black-marlin,jul-sept,0,141.5,4.5
black-marlin,jul-sept,0,142.5,4.5
black-marlin,jul-sept,0,143.5,4.5
black-marlin,jul-sept,0,144.5,4.5
black-marlin,jul-sept,0,145.5,4.5
black-marlin,jul-sept,0,146.5,4.5
black-marlin,jul-sept,0,148.5,4.5
black-marlin,jul-sept,0,149.5,4.5
black-marlin,jul-sept,0,150.5,4.5
black-marlin,jul-sept,0,151.5,4.5
black-marlin,jul-sept,0,152.5,4.5
black-marlin,jul-sept,0,153.5,4.5
black-marlin,jul-sept,0,154.5,4.5
black-marlin,jul-sept,0,155.5,4.5
black-marlin,jul-sept,0,156.5,4.5
black-marlin,jul-sept,0,157.5,4.5
black-marlin,jul-sept,0,158.5,4.5
black-marlin,jul-sept,0,159.5,4.5
black-marlin,jul-sept,0,160.5,4.5
black-marlin,jul-sept,0,161.5,4.5
black-marlin,jul-sept,0,162.5,4.5
black-marlin,jul-sept,0,163.5,4.5
black-marlin,jul-sept,0,164.5,4.5
black-marlin,jul-sept,0,165.5,4.5
black-marlin,jul-sept,0,166.5,4.5
black-marlin,jul-sept,0,167.5,4.5
black-marlin,jul-sept,0,168.5,4.5
black-marlin,jul-sept,0,170.5,4.5
black-marlin,jul-sept,0,171.5,4.5
black-marlin,jul-sept,0,174.5,4.5
black-marlin,jul-sept,0,175.5,4.5
black-marlin,jul-sept,0,176.5,4.5
black-marlin,jul-sept,0,177.5,4.5
black-marlin,jul-sept,0,178.5,4.5
black-marlin,jul-sept,0,179.5,4.5
black-marlin,jul-sept,0,-179.5,5.5
black-marlin,jul-sept,0,-178.5,5.5
black-marlin,jul-sept,0,-177.5,5.5
black-marlin,jul-sept,0,-176.5,5.5
black-marlin,jul-sept,0,-175.5,5.5
black-marlin,jul-sept,0,-174.5,5.5
black-marlin,jul-sept,0,-173.5,5.5
black-marlin,jul-sept,0,-172.5,5.5
black-marlin,jul-sept,0,-171.5,5.5
black-marlin,jul-sept,0,-170.5,5.5
black-marlin,jul-sept,0,-169.5,5.5
black-marlin,jul-sept,0,-168.5,5.5
black-marlin,jul-sept,0,-167.5,5.5
black-marlin,jul-sept,0,-166.5,5.5
black-marlin,jul-sept,0,-165.5,5.5
black-marlin,jul-sept,0,-164.5,5.5
black-marlin,jul-sept,0,-163.5,5.5
black-marlin,jul-sept,0,-162.5,5.5
black-marlin,jul-sept,0,-161.5,5.5
black-marlin,jul-sept,0,-160.5,5.5
black-marlin,jul-sept,0,-159.5,5.5
black-marlin,jul-sept,0,-158.5,5.5
black-marlin,jul-sept,0,-157.5,5.5
black-marlin,jul-sept,0,-156.5,5.5
black-marlin,jul-sept,0,-155.5,5.5
black-marlin,jul-sept,0,-154.5,5.5
black-marlin,jul-sept,0,-153.5,5.5
black-marlin,jul-sept,0,-152.5,5.5
black-marlin,jul-sept,0,-151.5,5.5
black-marlin,jul-sept,0,-150.5,5.5
black-marlin,jul-sept,0,-149.5,5.5
black-marlin,jul-sept,0,-148.5,5.5
black-marlin,jul-sept,0,-147.5,5.5
black-marlin,jul-sept,0,-146.5,5.5
black-marlin,jul-sept,0,-145.5,5.5
black-marlin,jul-sept,0,-144.5,5.5
black-marlin,jul-sept,0,-143.5,5.5
black-marlin,jul-sept,0,-142.5,5.5
black-marlin,jul-sept,0,-141.5,5.5
black-marlin,jul-sept,0,-139.5,5.5
black-marlin,jul-sept,0,-136.5,5.5
black-marlin,jul-sept,0,-133.5,5.5
black-marlin,jul-sept,0,-132.5,5.5
black-marlin,jul-sept,0,-131.5,5.5
black-marlin,jul-sept,0,-123.5,5.5
black-marlin,jul-sept,0,-122.5,5.5
black-marlin,jul-sept,0,-117.5,5.5
black-marlin,jul-sept,0,-116.5,5.5
black-marlin,jul-sept,0,-115.5,5.5
black-marlin,jul-sept,0,-110.5,5.5
black-marlin,jul-sept,0,-109.5,5.5
black-marlin,jul-sept,0,-108.5,5.5
black-marlin,jul-sept,0,-107.5,5.5
black-marlin,jul-sept,0,-106.5,5.5
black-marlin,jul-sept,0,-105.5,5.5
black-marlin,jul-sept,0,-103.5,5.5
black-marlin,jul-sept,0,-97.5,5.5
black-marlin,jul-sept,0,-95.5,5.5
black-marlin,jul-sept,0,-78.5,5.5
black-marlin,jul-sept,0,-39.5,5.5
black-marlin,jul-sept,0,107.5,5.5
black-marlin,jul-sept,0,125.5,5.5
black-marlin,jul-sept,0,126.5,5.5
black-marlin,jul-sept,0,127.5,5.5
black-marlin,jul-sept,0,128.5,5.5
black-marlin,jul-sept,0,138.5,5.5
black-marlin,jul-sept,0,139.5,5.5
black-marlin,jul-sept,0,140.5,5.5
black-marlin,jul-sept,0,142.5,5.5
black-marlin,jul-sept,0,145.5,5.5
black-marlin,jul-sept,0,146.5,5.5
black-marlin,jul-sept,0,147.5,5.5
black-marlin,jul-sept,0,148.5,5.5
black-marlin,jul-sept,0,149.5,5.5
black-marlin,jul-sept,0,150.5,5.5
black-marlin,jul-sept,0,151.5,5.5
black-marlin,jul-sept,0,152.5,5.5
black-marlin,jul-sept,0,154.5,5.5
black-marlin,jul-sept,0,155.5,5.5
black-marlin,jul-sept,0,156.5,5.5
black-marlin,jul-sept,0,157.5,5.5
black-marlin,jul-sept,0,158.5,5.5
black-marlin,jul-sept,0,159.5,5.5
black-marlin,jul-sept,0,160.5,5.5
black-marlin,jul-sept,0,162.5,5.5
black-marlin,jul-sept,0,163.5,5.5
black-marlin,jul-sept,0,164.5,5.5
black-marlin,jul-sept,0,166.5,5.5
black-marlin,jul-sept,0,167.5,5.5
black-marlin,jul-sept,0,169.5,5.5
black-marlin,jul-sept,0,175.5,5.5
black-marlin,jul-sept,0,176.5,5.5
black-marlin,jul-sept,0,177.5,5.5
black-marlin,jul-sept,0,178.5,5.5
black-marlin,jul-sept,0,179.5,5.5
black-marlin,jul-sept,0,-179.5,6.5
black-marlin,jul-sept,0,-178.5,6.5
black-marlin,jul-sept,0,-177.5,6.5
black-marlin,jul-sept,0,-176.5,6.5
black-marlin,jul-sept,0,-175.5,6.5
black-marlin,jul-sept,0,-174.5,6.5
black-marlin,jul-sept,0,-173.5,6.5
black-marlin,jul-sept,0,-172.5,6.5
black-marlin,jul-sept,0,-171.5,6.5
black-marlin,jul-sept,0,-168.5,6.5
black-marlin,jul-sept,0,-167.5,6.5
black-marlin,jul-sept,0,-166.5,6.5
black-marlin,jul-sept,0,-165.5,6.5
black-marlin,jul-sept,0,-164.5,6.5
black-marlin,jul-sept,0,-163.5,6.5
black-marlin,jul-sept,0,-162.5,6.5
black-marlin,jul-sept,0,-161.5,6.5
black-marlin,jul-sept,0,-160.5,6.5
black-marlin,jul-sept,0,-159.5,6.5
black-marlin,jul-sept,0,-158.5,6.5
black-marlin,jul-sept,0,-157.5,6.5
black-marlin,jul-sept,0,-156.5,6.5
black-marlin,jul-sept,0,-155.5,6.5
black-marlin,jul-sept,0,-154.5,6.5
black-marlin,jul-sept,0,-153.5,6.5
black-marlin,jul-sept,0,-152.5,6.5
black-marlin,jul-sept,0,-151.5,6.5
black-marlin,jul-sept,0,-150.5,6.5
black-marlin,jul-sept,0,-149.5,6.5
black-marlin,jul-sept,0,-148.5,6.5
black-marlin,jul-sept,0,-147.5,6.5
black-marlin,jul-sept,0,-146.5,6.5
black-marlin,jul-sept,0,-145.5,6.5
black-marlin,jul-sept,0,-144.5,6.5
black-marlin,jul-sept,0,-143.5,6.5
black-marlin,jul-sept,0,-142.5,6.5
black-marlin,jul-sept,0,-141.5,6.5
black-marlin,jul-sept,0,-139.5,6.5
black-marlin,jul-sept,0,-138.5,6.5
black-marlin,jul-sept,0,-137.5,6.5
black-marlin,jul-sept,0,-136.5,6.5
black-marlin,jul-sept,0,-135.5,6.5
black-marlin,jul-sept,0,-133.5,6.5
black-marlin,jul-sept,0,-132.5,6.5
black-marlin,jul-sept,0,-131.5,6.5
black-marlin,jul-sept,0,-130.5,6.5
black-marlin,jul-sept,0,-129.5,6.5
black-marlin,jul-sept,0,-128.5,6.5
black-marlin,jul-sept,0,-123.5,6.5
black-marlin,jul-sept,0,-122.5,6.5
black-marlin,jul-sept,0,-118.5,6.5
black-marlin,jul-sept,0,-117.5,6.5
black-marlin,jul-sept,0,-116.5,6.5
black-marlin,jul-sept,0,-115.5,6.5
black-marlin,jul-sept,0,-110.5,6.5
black-marlin,jul-sept,0,-96.5,6.5
black-marlin,jul-sept,0,-95.5,6.5
black-marlin,jul-sept,0,-94.5,6.5
black-marlin,jul-sept,0,126.5,6.5
black-marlin,jul-sept,0,127.5,6.5
black-marlin,jul-sept,0,128.5,6.5
black-marlin,jul-sept,0,129.5,6.5
black-marlin,jul-sept,0,130.5,6.5
black-marlin,jul-sept,0,137.5,6.5
black-marlin,jul-sept,0,140.5,6.5
black-marlin,jul-sept,0,141.5,6.5
black-marlin,jul-sept,0,143.5,6.5
black-marlin,jul-sept,0,144.5,6.5
black-marlin,jul-sept,0,145.5,6.5
black-marlin,jul-sept,0,146.5,6.5
black-marlin,jul-sept,0,147.5,6.5
black-marlin,jul-sept,0,149.5,6.5
black-marlin,jul-sept,0,150.5,6.5
black-marlin,jul-sept,0,151.5,6.5
black-marlin,jul-sept,0,152.5,6.5
black-marlin,jul-sept,0,153.5,6.5
black-marlin,jul-sept,0,154.5,6.5
black-marlin,jul-sept,0,155.5,6.5
black-marlin,jul-sept,0,156.5,6.5
black-marlin,jul-sept,0,157.5,6.5
black-marlin,jul-sept,0,158.5,6.5
black-marlin,jul-sept,0,161.5,6.5
black-marlin,jul-sept,0,162.5,6.5
black-marlin,jul-sept,0,164.5,6.5
black-marlin,jul-sept,0,165.5,6.5
black-marlin,jul-sept,0,167.5,6.5
black-marlin,jul-sept,0,174.5,6.5
black-marlin,jul-sept,0,175.5,6.5
black-marlin,jul-sept,0,176.5,6.5
black-marlin,jul-sept,0,177.5,6.5
black-marlin,jul-sept,0,178.5,6.5
black-marlin,jul-sept,0,-176.5,7.5
black-marlin,jul-sept,0,-174.5,7.5
black-marlin,jul-sept,0,-173.5,7.5
black-marlin,jul-sept,0,-172.5,7.5
black-marlin,jul-sept,0,-171.5,7.5
black-marlin,jul-sept,0,-170.5,7.5
black-marlin,jul-sept,0,-169.5,7.5
black-marlin,jul-sept,0,-168.5,7.5
black-marlin,jul-sept,0,-167.5,7.5
black-marlin,jul-sept,0,-166.5,7.5
black-marlin,jul-sept,0,-165.5,7.5
black-marlin,jul-sept,0,-164.5,7.5
black-marlin,jul-sept,0,-161.5,7.5
black-marlin,jul-sept,0,-159.5,7.5
black-marlin,jul-sept,0,-158.5,7.5
black-marlin,jul-sept,0,-156.5,7.5
black-marlin,jul-sept,0,-155.5,7.5
black-marlin,jul-sept,0,-154.5,7.5
black-marlin,jul-sept,0,-153.5,7.5
black-marlin,jul-sept,0,-152.5,7.5
black-marlin,jul-sept,0,-151.5,7.5
black-marlin,jul-sept,0,-150.5,7.5
black-marlin,jul-sept,0,-149.5,7.5
black-marlin,jul-sept,0,-148.5,7.5
black-marlin,jul-sept,0,-147.5,7.5
black-marlin,jul-sept,0,-146.5,7.5
black-marlin,jul-sept,0,-145.5,7.5
black-marlin,jul-sept,0,-144.5,7.5
black-marlin,jul-sept,0,-142.5,7.5
black-marlin,jul-sept,0,-137.5,7.5
black-marlin,jul-sept,0,-135.5,7.5
black-marlin,jul-sept,0,-134.5,7.5
black-marlin,jul-sept,0,-123.5,7.5
black-marlin,jul-sept,0,-122.5,7.5
black-marlin,jul-sept,0,-117.5,7.5
black-marlin,jul-sept,0,-116.5,7.5
black-marlin,jul-sept,0,108.5,7.5
black-marlin,jul-sept,0,109.5,7.5
black-marlin,jul-sept,0,126.5,7.5
black-marlin,jul-sept,0,127.5,7.5
black-marlin,jul-sept,0,129.5,7.5
black-marlin,jul-sept,0,131.5,7.5
black-marlin,jul-sept,0,132.5,7.5
black-marlin,jul-sept,0,133.5,7.5
black-marlin,jul-sept,0,135.5,7.5
black-marlin,jul-sept,0,136.5,7.5
black-marlin,jul-sept,0,137.5,7.5
black-marlin,jul-sept,0,139.5,7.5
black-marlin,jul-sept,0,140.5,7.5
black-marlin,jul-sept,0,141.5,7.5
black-marlin,jul-sept,0,142.5,7.5
black-marlin,jul-sept,0,143.5,7.5
black-marlin,jul-sept,0,144.5,7.5
black-marlin,jul-sept,0,145.5,7.5
black-marlin,jul-sept,0,146.5,7.5
black-marlin,jul-sept,0,147.5,7.5
black-marlin,jul-sept,0,149.5,7.5
black-marlin,jul-sept,0,150.5,7.5
black-marlin,jul-sept,0,151.5,7.5
black-marlin,jul-sept,0,152.5,7.5
black-marlin,jul-sept,0,153.5,7.5
black-marlin,jul-sept,0,154.5,7.5
black-marlin,jul-sept,0,155.5,7.5
black-marlin,jul-sept,0,156.5,7.5
black-marlin,jul-sept,0,157.5,7.5
black-marlin,jul-sept,0,158.5,7.5
black-marlin,jul-sept,0,164.5,7.5
black-marlin,jul-sept,0,166.5,7.5
black-marlin,jul-sept,0,174.5,7.5
black-marlin,jul-sept,0,176.5,7.5
black-marlin,jul-sept,0,177.5,7.5
black-marlin,jul-sept,0,178.5,7.5
black-marlin,jul-sept,0,179.5,7.5
black-marlin,jul-sept,0,-179.5,8.5
black-marlin,jul-sept,0,-178.5,8.5
black-marlin,jul-sept,0,-176.5,8.5
black-marlin,jul-sept,0,-172.5,8.5
black-marlin,jul-sept,0,-171.5,8.5
black-marlin,jul-sept,0,-170.5,8.5
black-marlin,jul-sept,0,-169.5,8.5
black-marlin,jul-sept,0,-168.5,8.5
black-marlin,jul-sept,0,-167.5,8.5
black-marlin,jul-sept,0,-166.5,8.5
black-marlin,jul-sept,0,-165.5,8.5
black-marlin,jul-sept,0,-163.5,8.5
black-marlin,jul-sept,0,-160.5,8.5
black-marlin,jul-sept,0,-159.5,8.5
black-marlin,jul-sept,0,-157.5,8.5
black-marlin,jul-sept,0,-156.5,8.5
black-marlin,jul-sept,0,-155.5,8.5
black-marlin,jul-sept,0,-154.5,8.5
black-marlin,jul-sept,0,-153.5,8.5
black-marlin,jul-sept,0,-152.5,8.5
black-marlin,jul-sept,0,-151.5,8.5
black-marlin,jul-sept,0,-149.5,8.5
black-marlin,jul-sept,0,-148.5,8.5
black-marlin,jul-sept,0,-147.5,8.5
black-marlin,jul-sept,0,-146.5,8.5
black-marlin,jul-sept,0,-144.5,8.5
black-marlin,jul-sept,0,-143.5,8.5
black-marlin,jul-sept,0,-142.5,8.5
black-marlin,jul-sept,0,-141.5,8.5
black-marlin,jul-sept,0,-139.5,8.5
black-marlin,jul-sept,0,-138.5,8.5
black-marlin,jul-sept,0,-137.5,8.5
black-marlin,jul-sept,0,-135.5,8.5
black-marlin,jul-sept,0,-134.5,8.5
black-marlin,jul-sept,0,-131.5,8.5
black-marlin,jul-sept,0,-130.5,8.5
black-marlin,jul-sept,0,-127.5,8.5
black-marlin,jul-sept,0,-123.5,8.5
black-marlin,jul-sept,0,-120.5,8.5
black-marlin,jul-sept,0,-38.5,8.5
black-marlin,jul-sept,0,-34.5,8.5
black-marlin,jul-sept,0,109.5,8.5
black-marlin,jul-sept,0,110.5,8.5
black-marlin,jul-sept,0,126.5,8.5
black-marlin,jul-sept,0,127.5,8.5
black-marlin,jul-sept,0,128.5,8.5
black-marlin,jul-sept,0,129.5,8.5
black-marlin,jul-sept,0,130.5,8.5
black-marlin,jul-sept,0,132.5,8.5
black-marlin,jul-sept,0,136.5,8.5
black-marlin,jul-sept,0,137.5,8.5
black-marlin,jul-sept,0,138.5,8.5
black-marlin,jul-sept,0,141.5,8.5
black-marlin,jul-sept,0,142.5,8.5
black-marlin,jul-sept,0,143.5,8.5
black-marlin,jul-sept,0,145.5,8.5
black-marlin,jul-sept,0,146.5,8.5
black-marlin,jul-sept,0,148.5,8.5
black-marlin,jul-sept,0,149.5,8.5
black-marlin,jul-sept,0,150.5,8.5
black-marlin,jul-sept,0,151.5,8.5
black-marlin,jul-sept,0,152.5,8.5
black-marlin,jul-sept,0,153.5,8.5
black-marlin,jul-sept,0,155.5,8.5
black-marlin,jul-sept,0,156.5,8.5
black-marlin,jul-sept,0,158.5,8.5
black-marlin,jul-sept,0,160.5,8.5
black-marlin,jul-sept,0,161.5,8.5
black-marlin,jul-sept,0,162.5,8.5
black-marlin,jul-sept,0,163.5,8.5
black-marlin,jul-sept,0,173.5,8.5
black-marlin,jul-sept,0,174.5,8.5
black-marlin,jul-sept,0,175.5,8.5
black-marlin,jul-sept,0,178.5,8.5
black-marlin,jul-sept,0,179.5,8.5
black-marlin,jul-sept,0,-179.5,9.5
black-marlin,jul-sept,0,-176.5,9.5
black-marlin,jul-sept,0,-172.5,9.5
black-marlin,jul-sept,0,-171.5,9.5
black-marlin,jul-sept,0,-169.5,9.5
black-marlin,jul-sept,0,-168.5,9.5
black-marlin,jul-sept,0,-165.5,9.5
black-marlin,jul-sept,0,-159.5,9.5
black-marlin,jul-sept,0,-158.5,9.5
black-marlin,jul-sept,0,-157.5,9.5
black-marlin,jul-sept,0,-156.5,9.5
black-marlin,jul-sept,0,-155.5,9.5
black-marlin,jul-sept,0,-154.5,9.5
black-marlin,jul-sept,0,-153.5,9.5
black-marlin,jul-sept,0,-151.5,9.5
black-marlin,jul-sept,0,-149.5,9.5
black-marlin,jul-sept,0,-148.5,9.5
black-marlin,jul-sept,0,-143.5,9.5
black-marlin,jul-sept,0,-105.5,9.5
black-marlin,jul-sept,0,-39.5,9.5
black-marlin,jul-sept,0,-38.5,9.5
black-marlin,jul-sept,0,-35.5,9.5
black-marlin,jul-sept,0,-34.5,9.5
black-marlin,jul-sept,0,111.5,9.5
black-marlin,jul-sept,0,126.5,9.5
black-marlin,jul-sept,1,127.5,9.5
black-marlin,jul-sept,0,128.5,9.5
black-marlin,jul-sept,0,129.5,9.5
black-marlin,jul-sept,0,130.5,9.5
black-marlin,jul-sept,0,131.5,9.5
black-marlin,jul-sept,0,132.5,9.5
black-marlin,jul-sept,0,134.5,9.5
black-marlin,jul-sept,0,135.5,9.5
black-marlin,jul-sept,0,136.5,9.5
black-marlin,jul-sept,0,141.5,9.5
black-marlin,jul-sept,0,142.5,9.5
black-marlin,jul-sept,0,143.5,9.5
black-marlin,jul-sept,0,146.5,9.5
black-marlin,jul-sept,0,147.5,9.5
black-marlin,jul-sept,0,148.5,9.5
black-marlin,jul-sept,0,149.5,9.5
black-marlin,jul-sept,0,150.5,9.5
black-marlin,jul-sept,0,151.5,9.5
black-marlin,jul-sept,0,152.5,9.5
black-marlin,jul-sept,0,153.5,9.5
black-marlin,jul-sept,0,154.5,9.5
black-marlin,jul-sept,0,155.5,9.5
black-marlin,jul-sept,0,156.5,9.5
black-marlin,jul-sept,0,157.5,9.5
black-marlin,jul-sept,0,158.5,9.5
black-marlin,jul-sept,0,159.5,9.5
black-marlin,jul-sept,0,162.5,9.5
black-marlin,jul-sept,0,163.5,9.5
black-marlin,jul-sept,0,175.5,9.5
black-marlin,jul-sept,0,176.5,9.5
black-marlin,jul-sept,0,177.5,9.5
black-marlin,jul-sept,0,178.5,9.5
black-marlin,jul-sept,0,-179.5,10.5
black-marlin,jul-sept,0,-178.5,10.5
black-marlin,jul-sept,0,-177.5,10.5
black-marlin,jul-sept,0,-176.5,10.5
black-marlin,jul-sept,0,-175.5,10.5
black-marlin,jul-sept,0,-173.5,10.5
black-marlin,jul-sept,0,-169.5,10.5
black-marlin,jul-sept,0,-167.5,10.5
black-marlin,jul-sept,0,-166.5,10.5
black-marlin,jul-sept,0,-165.5,10.5
black-marlin,jul-sept,0,-163.5,10.5
black-marlin,jul-sept,0,-162.5,10.5
black-marlin,jul-sept,0,-161.5,10.5
black-marlin,jul-sept,0,-159.5,10.5
black-marlin,jul-sept,0,-158.5,10.5
black-marlin,jul-sept,0,-157.5,10.5
black-marlin,jul-sept,0,-156.5,10.5
black-marlin,jul-sept,0,-149.5,10.5
black-marlin,jul-sept,0,-141.5,10.5
black-marlin,jul-sept,0,-123.5,10.5
black-marlin,jul-sept,0,-35.5,10.5
black-marlin,jul-sept,0,-34.5,10.5
black-marlin,jul-sept,0,-33.5,10.5
black-marlin,jul-sept,0,111.5,10.5
black-marlin,jul-sept,0,112.5,10.5
black-marlin,jul-sept,0,127.5,10.5
black-marlin,jul-sept,0,128.5,10.5
black-marlin,jul-sept,0,129.5,10.5
black-marlin,jul-sept,0,131.5,10.5
black-marlin,jul-sept,0,132.5,10.5
black-marlin,jul-sept,0,134.5,10.5
black-marlin,jul-sept,0,135.5,10.5
black-marlin,jul-sept,0,136.5,10.5
black-marlin,jul-sept,0,138.5,10.5
black-marlin,jul-sept,0,140.5,10.5
black-marlin,jul-sept,0,141.5,10.5
black-marlin,jul-sept,0,142.5,10.5
black-marlin,jul-sept,0,143.5,10.5
black-marlin,jul-sept,0,144.5,10.5
black-marlin,jul-sept,0,145.5,10.5
black-marlin,jul-sept,0,147.5,10.5
black-marlin,jul-sept,0,148.5,10.5
black-marlin,jul-sept,0,149.5,10.5
black-marlin,jul-sept,0,150.5,10.5
black-marlin,jul-sept,0,151.5,10.5
black-marlin,jul-sept,0,152.5,10.5
black-marlin,jul-sept,0,153.5,10.5
black-marlin,jul-sept,0,154.5,10.5
black-marlin,jul-sept,0,155.5,10.5
black-marlin,jul-sept,0,156.5,10.5
black-marlin,jul-sept,0,158.5,10.5
black-marlin,jul-sept,0,159.5,10.5
black-marlin,jul-sept,0,162.5,10.5
black-marlin,jul-sept,0,172.5,10.5
black-marlin,jul-sept,0,173.5,10.5
black-marlin,jul-sept,0,174.5,10.5
black-marlin,jul-sept,0,175.5,10.5
black-marlin,jul-sept,0,176.5,10.5
black-marlin,jul-sept,0,177.5,10.5
black-marlin,jul-sept,0,178.5,10.5
black-marlin,jul-sept,0,179.5,10.5
black-marlin,jul-sept,0,-179.5,11.5
black-marlin,jul-sept,0,-178.5,11.5
black-marlin,jul-sept,0,-177.5,11.5
black-marlin,jul-sept,0,-176.5,11.5
black-marlin,jul-sept,0,-175.5,11.5
black-marlin,jul-sept,0,-174.5,11.5
black-marlin,jul-sept,0,-173.5,11.5
black-marlin,jul-sept,0,-172.5,11.5
black-marlin,jul-sept,0,-171.5,11.5
black-marlin,jul-sept,0,-169.5,11.5
black-marlin,jul-sept,0,-168.5,11.5
black-marlin,jul-sept,0,-167.5,11.5
black-marlin,jul-sept,0,-166.5,11.5
black-marlin,jul-sept,0,-165.5,11.5
black-marlin,jul-sept,0,-164.5,11.5
black-marlin,jul-sept,0,-163.5,11.5
black-marlin,jul-sept,0,-162.5,11.5
black-marlin,jul-sept,0,-161.5,11.5
black-marlin,jul-sept,0,-160.5,11.5
black-marlin,jul-sept,0,-159.5,11.5
black-marlin,jul-sept,0,-158.5,11.5
black-marlin,jul-sept,0,-157.5,11.5
black-marlin,jul-sept,0,-155.5,11.5
black-marlin,jul-sept,0,-150.5,11.5
black-marlin,jul-sept,0,-138.5,11.5
black-marlin,jul-sept,0,-93.5,11.5
black-marlin,jul-sept,0,-34.5,11.5
black-marlin,jul-sept,0,112.5,11.5
black-marlin,jul-sept,0,113.5,11.5
black-marlin,jul-sept,0,126.5,11.5
black-marlin,jul-sept,0,127.5,11.5
black-marlin,jul-sept,0,128.5,11.5
black-marlin,jul-sept,0,129.5,11.5
black-marlin,jul-sept,0,130.5,11.5
black-marlin,jul-sept,0,131.5,11.5
black-marlin,jul-sept,0,132.5,11.5
black-marlin,jul-sept,0,134.5,11.5
black-marlin,jul-sept,0,137.5,11.5
black-marlin,jul-sept,0,140.5,11.5
black-marlin,jul-sept,0,141.5,11.5
black-marlin,jul-sept,0,142.5,11.5
black-marlin,jul-sept,0,143.5,11.5
black-marlin,jul-sept,0,144.5,11.5
black-marlin,jul-sept,0,145.5,11.5
black-marlin,jul-sept,0,146.5,11.5
black-marlin,jul-sept,0,147.5,11.5
black-marlin,jul-sept,0,148.5,11.5
black-marlin,jul-sept,0,149.5,11.5
black-marlin,jul-sept,0,150.5,11.5
black-marlin,jul-sept,0,151.5,11.5
black-marlin,jul-sept,0,153.5,11.5
black-marlin,jul-sept,0,154.5,11.5
black-marlin,jul-sept,0,157.5,11.5
black-marlin,jul-sept,0,159.5,11.5
black-marlin,jul-sept,0,160.5,11.5
black-marlin,jul-sept,0,169.5,11.5
black-marlin,jul-sept,0,170.5,11.5
black-marlin,jul-sept,0,171.5,11.5
black-marlin,jul-sept,0,173.5,11.5
black-marlin,jul-sept,0,174.5,11.5
black-marlin,jul-sept,0,175.5,11.5
black-marlin,jul-sept,0,176.5,11.5
black-marlin,jul-sept,0,177.5,11.5
black-marlin,jul-sept,0,179.5,11.5
black-marlin,jul-sept,0,-179.5,12.5
black-marlin,jul-sept,0,-178.5,12.5
black-marlin,jul-sept,0,-177.5,12.5
black-marlin,jul-sept,0,-176.5,12.5
black-marlin,jul-sept,0,-175.5,12.5
black-marlin,jul-sept,0,-174.5,12.5
black-marlin,jul-sept,0,-173.5,12.5
black-marlin,jul-sept,0,-172.5,12.5
black-marlin,jul-sept,0,-171.5,12.5
black-marlin,jul-sept,0,-170.5,12.5
black-marlin,jul-sept,0,-169.5,12.5
black-marlin,jul-sept,0,-168.5,12.5
black-marlin,jul-sept,0,-167.5,12.5
black-marlin,jul-sept,0,-166.5,12.5
black-marlin,jul-sept,0,-165.5,12.5
black-marlin,jul-sept,0,-164.5,12.5
black-marlin,jul-sept,0,-163.5,12.5
black-marlin,jul-sept,0,-162.5,12.5
black-marlin,jul-sept,0,-161.5,12.5
black-marlin,jul-sept,0,-160.5,12.5
black-marlin,jul-sept,0,-159.5,12.5
black-marlin,jul-sept,0,-158.5,12.5
black-marlin,jul-sept,0,-157.5,12.5
black-marlin,jul-sept,0,-156.5,12.5
black-marlin,jul-sept,0,-151.5,12.5
black-marlin,jul-sept,0,-142.5,12.5
black-marlin,jul-sept,0,-130.5,12.5
black-marlin,jul-sept,0,-125.5,12.5
black-marlin,jul-sept,0,-19.5,12.5
black-marlin,jul-sept,0,-18.5,12.5
black-marlin,jul-sept,0,-17.5,12.5
black-marlin,jul-sept,0,114.5,12.5
black-marlin,jul-sept,0,127.5,12.5
black-marlin,jul-sept,0,128.5,12.5
black-marlin,jul-sept,0,129.5,12.5
black-marlin,jul-sept,0,130.5,12.5
black-marlin,jul-sept,0,131.5,12.5
black-marlin,jul-sept,0,133.5,12.5
black-marlin,jul-sept,0,134.5,12.5
black-marlin,jul-sept,0,139.5,12.5
black-marlin,jul-sept,0,140.5,12.5
black-marlin,jul-sept,0,141.5,12.5
black-marlin,jul-sept,0,142.5,12.5
black-marlin,jul-sept,0,144.5,12.5
black-marlin,jul-sept,0,145.5,12.5
black-marlin,jul-sept,0,147.5,12.5
black-marlin,jul-sept,0,148.5,12.5
black-marlin,jul-sept,0,149.5,12.5
black-marlin,jul-sept,0,150.5,12.5
black-marlin,jul-sept,0,152.5,12.5
black-marlin,jul-sept,0,153.5,12.5
black-marlin,jul-sept,0,155.5,12.5
black-marlin,jul-sept,0,156.5,12.5
black-marlin,jul-sept,0,158.5,12.5
black-marlin,jul-sept,0,160.5,12.5
black-marlin,jul-sept,0,161.5,12.5
black-marlin,jul-sept,0,162.5,12.5
black-marlin,jul-sept,0,163.5,12.5
black-marlin,jul-sept,0,168.5,12.5
black-marlin,jul-sept,0,169.5,12.5
black-marlin,jul-sept,0,172.5,12.5
black-marlin,jul-sept,0,173.5,12.5
black-marlin,jul-sept,0,174.5,12.5
black-marlin,jul-sept,0,175.5,12.5
black-marlin,jul-sept,0,176.5,12.5
black-marlin,jul-sept,0,177.5,12.5
black-marlin,jul-sept,0,178.5,12.5
black-marlin,jul-sept,0,179.5,12.5
black-marlin,jul-sept,0,-179.5,13.5
black-marlin,jul-sept,0,-178.5,13.5
black-marlin,jul-sept,0,-177.5,13.5
black-marlin,jul-sept,0,-176.5,13.5
black-marlin,jul-sept,0,-175.5,13.5
black-marlin,jul-sept,0,-174.5,13.5
black-marlin,jul-sept,0,-173.5,13.5
black-marlin,jul-sept,0,-172.5,13.5
black-marlin,jul-sept,0,-171.5,13.5
black-marlin,jul-sept,0,-170.5,13.5
black-marlin,jul-sept,0,-169.5,13.5
black-marlin,jul-sept,0,-168.5,13.5
black-marlin,jul-sept,0,-167.5,13.5
black-marlin,jul-sept,0,-166.5,13.5
black-marlin,jul-sept,0,-165.5,13.5
black-marlin,jul-sept,0,-164.5,13.5
black-marlin,jul-sept,0,-163.5,13.5
black-marlin,jul-sept,0,-162.5,13.5
black-marlin,jul-sept,0,-161.5,13.5
black-marlin,jul-sept,0,-160.5,13.5
black-marlin,jul-sept,0,-159.5,13.5
black-marlin,jul-sept,0,-158.5,13.5
black-marlin,jul-sept,0,-157.5,13.5
black-marlin,jul-sept,0,-156.5,13.5
black-marlin,jul-sept,0,-152.5,13.5
black-marlin,jul-sept,0,-151.5,13.5
black-marlin,jul-sept,0,-34.5,13.5
black-marlin,jul-sept,0,114.5,13.5
black-marlin,jul-sept,0,115.5,13.5
black-marlin,jul-sept,0,127.5,13.5
black-marlin,jul-sept,0,128.5,13.5
black-marlin,jul-sept,0,129.5,13.5
black-marlin,jul-sept,0,130.5,13.5
black-marlin,jul-sept,0,131.5,13.5
black-marlin,jul-sept,0,133.5,13.5
black-marlin,jul-sept,0,134.5,13.5
black-marlin,jul-sept,0,135.5,13.5
black-marlin,jul-sept,0,136.5,13.5
black-marlin,jul-sept,0,139.5,13.5
black-marlin,jul-sept,0,140.5,13.5
black-marlin,jul-sept,0,141.5,13.5
black-marlin,jul-sept,0,142.5,13.5
black-marlin,jul-sept,0,143.5,13.5
black-marlin,jul-sept,0,145.5,13.5
black-marlin,jul-sept,0,146.5,13.5
black-marlin,jul-sept,0,147.5,13.5
black-marlin,jul-sept,0,148.5,13.5
black-marlin,jul-sept,0,149.5,13.5
black-marlin,jul-sept,0,150.5,13.5
black-marlin,jul-sept,0,152.5,13.5
black-marlin,jul-sept,0,153.5,13.5
black-marlin,jul-sept,0,157.5,13.5
black-marlin,jul-sept,0,160.5,13.5
black-marlin,jul-sept,0,165.5,13.5
black-marlin,jul-sept,0,166.5,13.5
black-marlin,jul-sept,0,167.5,13.5
black-marlin,jul-sept,0,168.5,13.5
black-marlin,jul-sept,0,170.5,13.5
black-marlin,jul-sept,0,172.5,13.5
black-marlin,jul-sept,0,173.5,13.5
black-marlin,jul-sept,0,174.5,13.5
black-marlin,jul-sept,0,175.5,13.5
black-marlin,jul-sept,0,177.5,13.5
black-marlin,jul-sept,0,178.5,13.5
black-marlin,jul-sept,0,179.5,13.5
black-marlin,jul-sept,0,-179.5,14.5
black-marlin,jul-sept,0,-177.5,14.5
black-marlin,jul-sept,0,-176.5,14.5
black-marlin,jul-sept,0,-175.5,14.5
black-marlin,jul-sept,0,-173.5,14.5
black-marlin,jul-sept,0,-171.5,14.5
black-marlin,jul-sept,0,-170.5,14.5
black-marlin,jul-sept,0,-169.5,14.5
black-marlin,jul-sept,0,-168.5,14.5
black-marlin,jul-sept,0,-165.5,14.5
black-marlin,jul-sept,0,-164.5,14.5
black-marlin,jul-sept,0,-163.5,14.5
black-marlin,jul-sept,0,-162.5,14.5
black-marlin,jul-sept,0,-161.5,14.5
black-marlin,jul-sept,0,-160.5,14.5
black-marlin,jul-sept,0,-159.5,14.5
black-marlin,jul-sept,0,-158.5,14.5
black-marlin,jul-sept,0,-157.5,14.5
black-marlin,jul-sept,0,-156.5,14.5
black-marlin,jul-sept,0,-155.5,14.5
black-marlin,jul-sept,0,-154.5,14.5
black-marlin,jul-sept,0,-152.5,14.5
black-marlin,jul-sept,0,-147.5,14.5
black-marlin,jul-sept,0,-25.5,14.5
black-marlin,jul-sept,0,115.5,14.5
black-marlin,jul-sept,0,116.5,14.5
black-marlin,jul-sept,0,127.5,14.5
black-marlin,jul-sept,0,128.5,14.5
black-marlin,jul-sept,0,129.5,14.5
black-marlin,jul-sept,0,130.5,14.5
black-marlin,jul-sept,0,131.5,14.5
black-marlin,jul-sept,0,133.5,14.5
black-marlin,jul-sept,0,134.5,14.5
black-marlin,jul-sept,0,135.5,14.5
black-marlin,jul-sept,0,137.5,14.5
black-marlin,jul-sept,0,139.5,14.5
black-marlin,jul-sept,0,140.5,14.5
black-marlin,jul-sept,0,142.5,14.5
black-marlin,jul-sept,0,143.5,14.5
black-marlin,jul-sept,0,147.5,14.5
black-marlin,jul-sept,0,148.5,14.5
black-marlin,jul-sept,0,149.5,14.5
black-marlin,jul-sept,0,150.5,14.5
black-marlin,jul-sept,0,152.5,14.5
black-marlin,jul-sept,0,153.5,14.5
black-marlin,jul-sept,0,162.5,14.5
black-marlin,jul-sept,0,165.5,14.5
black-marlin,jul-sept,0,171.5,14.5
black-marlin,jul-sept,0,172.5,14.5
black-marlin,jul-sept,0,173.5,14.5
black-marlin,jul-sept,0,174.5,14.5
black-marlin,jul-sept,0,175.5,14.5
black-marlin,jul-sept,0,176.5,14.5
black-marlin,jul-sept,0,177.5,14.5
black-marlin,jul-sept,0,178.5,14.5
black-marlin,jul-sept,0,-177.5,15.5
black-marlin,jul-sept,0,-176.5,15.5
black-marlin,jul-sept,0,-171.5,15.5
black-marlin,jul-sept,0,-170.5,15.5
black-marlin,jul-sept,0,-169.5,15.5
black-marlin,jul-sept,0,-167.5,15.5
black-marlin,jul-sept,0,-166.5,15.5
black-marlin,jul-sept,0,-164.5,15.5
black-marlin,jul-sept,0,-163.5,15.5
black-marlin,jul-sept,0,-162.5,15.5
black-marlin,jul-sept,0,-161.5,15.5
black-marlin,jul-sept,0,-160.5,15.5
black-marlin,jul-sept,0,-159.5,15.5
black-marlin,jul-sept,0,-158.5,15.5
black-marlin,jul-sept,0,-157.5,15.5
black-marlin,jul-sept,0,-156.5,15.5
black-marlin,jul-sept,0,-155.5,15.5
black-marlin,jul-sept,0,-154.5,15.5
black-marlin,jul-sept,0,-152.5,15.5
black-marlin,jul-sept,0,-126.5,15.5
black-marlin,jul-sept,0,-35.5,15.5
black-marlin,jul-sept,0,-24.5,15.5
black-marlin,jul-sept,0,115.5,15.5
black-marlin,jul-sept,0,116.5,15.5
black-marlin,jul-sept,0,117.5,15.5
black-marlin,jul-sept,0,127.5,15.5
black-marlin,jul-sept,0,128.5,15.5
black-marlin,jul-sept,0,129.5,15.5
black-marlin,jul-sept,0,130.5,15.5
black-marlin,jul-sept,0,131.5,15.5
black-marlin,jul-sept,0,132.5,15.5
black-marlin,jul-sept,0,133.5,15.5
black-marlin,jul-sept,0,139.5,15.5
black-marlin,jul-sept,0,140.5,15.5
black-marlin,jul-sept,0,141.5,15.5
black-marlin,jul-sept,0,142.5,15.5
black-marlin,jul-sept,0,143.5,15.5
black-marlin,jul-sept,0,144.5,15.5
black-marlin,jul-sept,0,145.5,15.5
black-marlin,jul-sept,0,146.5,15.5
black-marlin,jul-sept,0,147.5,15.5
black-marlin,jul-sept,0,148.5,15.5
black-marlin,jul-sept,0,149.5,15.5
black-marlin,jul-sept,0,151.5,15.5
black-marlin,jul-sept,0,154.5,15.5
black-marlin,jul-sept,0,156.5,15.5
black-marlin,jul-sept,0,157.5,15.5
black-marlin,jul-sept,0,159.5,15.5
black-marlin,jul-sept,0,164.5,15.5
black-marlin,jul-sept,0,167.5,15.5
black-marlin,jul-sept,0,168.5,15.5
black-marlin,jul-sept,0,170.5,15.5
black-marlin,jul-sept,0,171.5,15.5
black-marlin,jul-sept,0,173.5,15.5
black-marlin,jul-sept,0,174.5,15.5
black-marlin,jul-sept,0,175.5,15.5
black-marlin,jul-sept,0,177.5,15.5
black-marlin,jul-sept,0,178.5,15.5
black-marlin,jul-sept,0,179.5,15.5
black-marlin,jul-sept,0,-179.5,16.5
black-marlin,jul-sept,0,-175.5,16.5
black-marlin,jul-sept,0,-174.5,16.5
black-marlin,jul-sept,0,-172.5,16.5
black-marlin,jul-sept,0,-166.5,16.5
black-marlin,jul-sept,0,-163.5,16.5
black-marlin,jul-sept,0,-161.5,16.5
black-marlin,jul-sept,0,-160.5,16.5
black-marlin,jul-sept,0,-159.5,16.5
black-marlin,jul-sept,0,-158.5,16.5
black-marlin,jul-sept,0,-157.5,16.5
black-marlin,jul-sept,0,-156.5,16.5
black-marlin,jul-sept,0,-155.5,16.5
black-marlin,jul-sept,0,-154.5,16.5
black-marlin,jul-sept,0,-152.5,16.5
black-marlin,jul-sept,0,-25.5,16.5
black-marlin,jul-sept,0,116.5,16.5
black-marlin,jul-sept,0,118.5,16.5
black-marlin,jul-sept,0,128.5,16.5
black-marlin,jul-sept,0,129.5,16.5
black-marlin,jul-sept,0,130.5,16.5
black-marlin,jul-sept,0,131.5,16.5
black-marlin,jul-sept,0,132.5,16.5
black-marlin,jul-sept,0,133.5,16.5
black-marlin,jul-sept,0,135.5,16.5
black-marlin,jul-sept,0,136.5,16.5
black-marlin,jul-sept,0,137.5,16.5
black-marlin,jul-sept,0,138.5,16.5
black-marlin,jul-sept,0,139.5,16.5
black-marlin,jul-sept,0,140.5,16.5
black-marlin,jul-sept,0,141.5,16.5
black-marlin,jul-sept,0,142.5,16.5
black-marlin,jul-sept,0,144.5,16.5
black-marlin,jul-sept,0,145.5,16.5
black-marlin,jul-sept,0,146.5,16.5
black-marlin,jul-sept,0,147.5,16.5
black-marlin,jul-sept,0,148.5,16.5
black-marlin,jul-sept,0,149.5,16.5
black-marlin,jul-sept,0,150.5,16.5
black-marlin,jul-sept,0,151.5,16.5
black-marlin,jul-sept,0,152.5,16.5
black-marlin,jul-sept,0,156.5,16.5
black-marlin,jul-sept,0,158.5,16.5
black-marlin,jul-sept,0,159.5,16.5
black-marlin,jul-sept,0,166.5,16.5
black-marlin,jul-sept,0,168.5,16.5
black-marlin,jul-sept,0,169.5,16.5
black-marlin,jul-sept,0,170.5,16.5
black-marlin,jul-sept,0,172.5,16.5
black-marlin,jul-sept,0,174.5,16.5
black-marlin,jul-sept,0,175.5,16.5
black-marlin,jul-sept,0,176.5,16.5
black-marlin,jul-sept,0,177.5,16.5
black-marlin,jul-sept,0,-178.5,17.5
black-marlin,jul-sept,0,-176.5,17.5
black-marlin,jul-sept,0,-167.5,17.5
black-marlin,jul-sept,0,-166.5,17.5
black-marlin,jul-sept,0,-165.5,17.5
black-marlin,jul-sept,0,-164.5,17.5
black-marlin,jul-sept,0,-129.5,17.5
black-marlin,jul-sept,0,-35.5,17.5
black-marlin,jul-sept,0,117.5,17.5
black-marlin,jul-sept,0,118.5,17.5
black-marlin,jul-sept,0,119.5,17.5
black-marlin,jul-sept,0,128.5,17.5
black-marlin,jul-sept,0,129.5,17.5
black-marlin,jul-sept,0,130.5,17.5
black-marlin,jul-sept,0,131.5,17.5
black-marlin,jul-sept,0,132.5,17.5
black-marlin,jul-sept,0,133.5,17.5
black-marlin,jul-sept,0,135.5,17.5
black-marlin,jul-sept,0,137.5,17.5
black-marlin,jul-sept,0,139.5,17.5
black-marlin,jul-sept,0,141.5,17.5
black-marlin,jul-sept,0,142.5,17.5
black-marlin,jul-sept,0,144.5,17.5
black-marlin,jul-sept,0,145.5,17.5
black-marlin,jul-sept,0,146.5,17.5
black-marlin,jul-sept,0,147.5,17.5
black-marlin,jul-sept,0,148.5,17.5
black-marlin,jul-sept,0,149.5,17.5
black-marlin,jul-sept,0,150.5,17.5
black-marlin,jul-sept,0,151.5,17.5
black-marlin,jul-sept,0,155.5,17.5
black-marlin,jul-sept,0,159.5,17.5
black-marlin,jul-sept,0,160.5,17.5
black-marlin,jul-sept,0,165.5,17.5
black-marlin,jul-sept,0,166.5,17.5
black-marlin,jul-sept,0,167.5,17.5
black-marlin,jul-sept,0,171.5,17.5
black-marlin,jul-sept,0,172.5,17.5
black-marlin,jul-sept,0,173.5,17.5
black-marlin,jul-sept,0,174.5,17.5
black-marlin,jul-sept,0,175.5,17.5
black-marlin,jul-sept,0,-178.5,18.5
black-marlin,jul-sept,0,-176.5,18.5
black-marlin,jul-sept,0,-165.5,18.5
black-marlin,jul-sept,0,-164.5,18.5
black-marlin,jul-sept,0,-163.5,18.5
black-marlin,jul-sept,0,-159.5,18.5
black-marlin,jul-sept,0,-157.5,18.5
black-marlin,jul-sept,0,118.5,18.5
black-marlin,jul-sept,0,119.5,18.5
black-marlin,jul-sept,0,126.5,18.5
black-marlin,jul-sept,0,127.5,18.5
black-marlin,jul-sept,0,128.5,18.5
black-marlin,jul-sept,0,129.5,18.5
black-marlin,jul-sept,0,130.5,18.5
black-marlin,jul-sept,0,131.5,18.5
black-marlin,jul-sept,0,132.5,18.5
black-marlin,jul-sept,0,134.5,18.5
black-marlin,jul-sept,0,137.5,18.5
black-marlin,jul-sept,0,138.5,18.5
black-marlin,jul-sept,0,139.5,18.5
black-marlin,jul-sept,0,141.5,18.5
black-marlin,jul-sept,0,142.5,18.5
black-marlin,jul-sept,0,143.5,18.5
black-marlin,jul-sept,0,144.5,18.5
black-marlin,jul-sept,0,146.5,18.5
black-marlin,jul-sept,0,147.5,18.5
black-marlin,jul-sept,0,149.5,18.5
black-marlin,jul-sept,0,151.5,18.5
black-marlin,jul-sept,0,156.5,18.5
black-marlin,jul-sept,0,157.5,18.5
black-marlin,jul-sept,0,165.5,18.5
black-marlin,jul-sept,0,166.5,18.5
black-marlin,jul-sept,0,169.5,18.5
black-marlin,jul-sept,0,170.5,18.5
black-marlin,jul-sept,0,171.5,18.5
black-marlin,jul-sept,0,172.5,18.5
black-marlin,jul-sept,0,173.5,18.5
black-marlin,jul-sept,0,174.5,18.5
black-marlin,jul-sept,0,178.5,18.5
black-marlin,jul-sept,0,-177.5,19.5
black-marlin,jul-sept,0,-176.5,19.5
black-marlin,jul-sept,0,-173.5,19.5
black-marlin,jul-sept,0,-172.5,19.5
black-marlin,jul-sept,0,-171.5,19.5
black-marlin,jul-sept,0,-170.5,19.5
black-marlin,jul-sept,0,-169.5,19.5
black-marlin,jul-sept,0,-168.5,19.5
black-marlin,jul-sept,0,-167.5,19.5
black-marlin,jul-sept,0,-166.5,19.5
black-marlin,jul-sept,0,-165.5,19.5
black-marlin,jul-sept,0,-164.5,19.5
black-marlin,jul-sept,0,-163.5,19.5
black-marlin,jul-sept,0,-162.5,19.5
black-marlin,jul-sept,0,-161.5,19.5
black-marlin,jul-sept,0,-160.5,19.5
black-marlin,jul-sept,0,-159.5,19.5
black-marlin,jul-sept,0,-158.5,19.5
black-marlin,jul-sept,0,-157.5,19.5
black-marlin,jul-sept,0,-35.5,19.5
black-marlin,jul-sept,0,-34.5,19.5
black-marlin,jul-sept,0,119.5,19.5
black-marlin,jul-sept,0,120.5,19.5
black-marlin,jul-sept,0,128.5,19.5
black-marlin,jul-sept,0,129.5,19.5
black-marlin,jul-sept,0,130.5,19.5
black-marlin,jul-sept,0,131.5,19.5
black-marlin,jul-sept,0,132.5,19.5
black-marlin,jul-sept,0,133.5,19.5
black-marlin,jul-sept,0,134.5,19.5
black-marlin,jul-sept,0,137.5,19.5
black-marlin,jul-sept,0,138.5,19.5
black-marlin,jul-sept,0,139.5,19.5
black-marlin,jul-sept,0,140.5,19.5
black-marlin,jul-sept,0,142.5,19.5
black-marlin,jul-sept,0,143.5,19.5
black-marlin,jul-sept,0,144.5,19.5
black-marlin,jul-sept,0,145.5,19.5
black-marlin,jul-sept,0,146.5,19.5
black-marlin,jul-sept,0,147.5,19.5
black-marlin,jul-sept,0,148.5,19.5
black-marlin,jul-sept,0,150.5,19.5
black-marlin,jul-sept,0,154.5,19.5
black-marlin,jul-sept,0,157.5,19.5
black-marlin,jul-sept,0,163.5,19.5
black-marlin,jul-sept,0,164.5,19.5
black-marlin,jul-sept,0,167.5,19.5
black-marlin,jul-sept,0,168.5,19.5
black-marlin,jul-sept,0,169.5,19.5
black-marlin,jul-sept,0,170.5,19.5
black-marlin,jul-sept,0,171.5,19.5
black-marlin,jul-sept,0,172.5,19.5
black-marlin,jul-sept,0,173.5,19.5
black-marlin,jul-sept,0,177.5,19.5
black-marlin,jul-sept,0,179.5,19.5
black-marlin,jul-sept,0,-173.5,20.5
black-marlin,jul-sept,0,-172.5,20.5
black-marlin,jul-sept,0,-171.5,20.5
black-marlin,jul-sept,0,-170.5,20.5
black-marlin,jul-sept,0,-168.5,20.5
black-marlin,jul-sept,0,-167.5,20.5
black-marlin,jul-sept,0,-166.5,20.5
black-marlin,jul-sept,0,-165.5,20.5
black-marlin,jul-sept,0,-164.5,20.5
black-marlin,jul-sept,0,-163.5,20.5
black-marlin,jul-sept,0,-162.5,20.5
black-marlin,jul-sept,0,-161.5,20.5
black-marlin,jul-sept,0,120.5,20.5
black-marlin,jul-sept,0,127.5,20.5
black-marlin,jul-sept,0,128.5,20.5
black-marlin,jul-sept,0,129.5,20.5
black-marlin,jul-sept,0,131.5,20.5
black-marlin,jul-sept,0,132.5,20.5
black-marlin,jul-sept,0,134.5,20.5
black-marlin,jul-sept,0,137.5,20.5
black-marlin,jul-sept,0,139.5,20.5
black-marlin,jul-sept,0,144.5,20.5
black-marlin,jul-sept,0,145.5,20.5
black-marlin,jul-sept,0,146.5,20.5
black-marlin,jul-sept,0,148.5,20.5
black-marlin,jul-sept,0,154.5,20.5
black-marlin,jul-sept,0,155.5,20.5
black-marlin,jul-sept,0,157.5,20.5
black-marlin,jul-sept,0,161.5,20.5
black-marlin,jul-sept,0,162.5,20.5
black-marlin,jul-sept,0,163.5,20.5
black-marlin,jul-sept,0,168.5,20.5
black-marlin,jul-sept,0,169.5,20.5
black-marlin,jul-sept,0,170.5,20.5
black-marlin,jul-sept,0,171.5,20.5
black-marlin,jul-sept,0,172.5,20.5
black-marlin,jul-sept,0,173.5,20.5
black-marlin,jul-sept,0,174.5,20.5
black-marlin,jul-sept,0,175.5,20.5
black-marlin,jul-sept,0,177.5,20.5
black-marlin,jul-sept,0,-179.5,21.5
black-marlin,jul-sept,0,-177.5,21.5
black-marlin,jul-sept,0,-176.5,21.5
black-marlin,jul-sept,0,-175.5,21.5
black-marlin,jul-sept,0,-174.5,21.5
black-marlin,jul-sept,0,-173.5,21.5
black-marlin,jul-sept,0,-171.5,21.5
black-marlin,jul-sept,0,-169.5,21.5
black-marlin,jul-sept,0,-168.5,21.5
black-marlin,jul-sept,0,-167.5,21.5
black-marlin,jul-sept,0,-166.5,21.5
black-marlin,jul-sept,0,-165.5,21.5
black-marlin,jul-sept,0,-164.5,21.5
black-marlin,jul-sept,0,-163.5,21.5
black-marlin,jul-sept,0,-162.5,21.5
black-marlin,jul-sept,0,-161.5,21.5
black-marlin,jul-sept,0,-35.5,21.5
black-marlin,jul-sept,0,-34.5,21.5
black-marlin,jul-sept,0,121.5,21.5
black-marlin,jul-sept,0,122.5,21.5
black-marlin,jul-sept,0,123.5,21.5
black-marlin,jul-sept,0,127.5,21.5
black-marlin,jul-sept,0,128.5,21.5
black-marlin,jul-sept,0,129.5,21.5
black-marlin,jul-sept,0,130.5,21.5
black-marlin,jul-sept,0,131.5,21.5
black-marlin,jul-sept,0,132.5,21.5
black-marlin,jul-sept,0,133.5,21.5
black-marlin,jul-sept,0,135.5,21.5
black-marlin,jul-sept,0,139.5,21.5
black-marlin,jul-sept,0,140.5,21.5
black-marlin,jul-sept,0,141.5,21.5
black-marlin,jul-sept,0,142.5,21.5
black-marlin,jul-sept,0,143.5,21.5
black-marlin,jul-sept,0,144.5,21.5
black-marlin,jul-sept,0,146.5,21.5
black-marlin,jul-sept,0,147.5,21.5
black-marlin,jul-sept,0,149.5,21.5
black-marlin,jul-sept,0,152.5,21.5
black-marlin,jul-sept,0,155.5,21.5
black-marlin,jul-sept,0,160.5,21.5
black-marlin,jul-sept,0,161.5,21.5
black-marlin,jul-sept,0,162.5,21.5
black-marlin,jul-sept,0,163.5,21.5
black-marlin,jul-sept,0,164.5,21.5
black-marlin,jul-sept,0,166.5,21.5
black-marlin,jul-sept,0,167.5,21.5
black-marlin,jul-sept,0,168.5,21.5
black-marlin,jul-sept,0,169.5,21.5
black-marlin,jul-sept,0,170.5,21.5
black-marlin,jul-sept,0,171.5,21.5
black-marlin,jul-sept,0,173.5,21.5
black-marlin,jul-sept,0,176.5,21.5
black-marlin,jul-sept,0,177.5,21.5
black-marlin,jul-sept,0,178.5,21.5
black-marlin,jul-sept,0,-178.5,22.5
black-marlin,jul-sept,0,-168.5,22.5
black-marlin,jul-sept,0,-164.5,22.5
black-marlin,jul-sept,0,-35.5,22.5
black-marlin,jul-sept,0,124.5,22.5
black-marlin,jul-sept,0,128.5,22.5
black-marlin,jul-sept,0,129.5,22.5
black-marlin,jul-sept,0,130.5,22.5
black-marlin,jul-sept,0,131.5,22.5
black-marlin,jul-sept,0,132.5,22.5
black-marlin,jul-sept,0,133.5,22.5
black-marlin,jul-sept,0,134.5,22.5
black-marlin,jul-sept,0,135.5,22.5
black-marlin,jul-sept,0,137.5,22.5
black-marlin,jul-sept,0,139.5,22.5
black-marlin,jul-sept,0,145.5,22.5
black-marlin,jul-sept,0,146.5,22.5
black-marlin,jul-sept,0,147.5,22.5
black-marlin,jul-sept,0,148.5,22.5
black-marlin,jul-sept,0,152.5,22.5
black-marlin,jul-sept,0,153.5,22.5
black-marlin,jul-sept,0,155.5,22.5
black-marlin,jul-sept,0,158.5,22.5
black-marlin,jul-sept,0,159.5,22.5
black-marlin,jul-sept,0,160.5,22.5
black-marlin,jul-sept,0,164.5,22.5
black-marlin,jul-sept,0,165.5,22.5
black-marlin,jul-sept,0,166.5,22.5
black-marlin,jul-sept,0,167.5,22.5
black-marlin,jul-sept,0,168.5,22.5
black-marlin,jul-sept,0,171.5,22.5
black-marlin,jul-sept,0,173.5,22.5
black-marlin,jul-sept,0,174.5,22.5
black-marlin,jul-sept,0,176.5,22.5
black-marlin,jul-sept,0,179.5,22.5
black-marlin,jul-sept,0,-179.5,23.5
black-marlin,jul-sept,0,-178.5,23.5
black-marlin,jul-sept,0,-168.5,23.5
black-marlin,jul-sept,0,-162.5,23.5
black-marlin,jul-sept,0,-161.5,23.5
black-marlin,jul-sept,0,-34.5,23.5
black-marlin,jul-sept,0,122.5,23.5
black-marlin,jul-sept,0,124.5,23.5
black-marlin,jul-sept,0,125.5,23.5
black-marlin,jul-sept,0,126.5,23.5
black-marlin,jul-sept,0,129.5,23.5
black-marlin,jul-sept,0,130.5,23.5
black-marlin,jul-sept,0,132.5,23.5
black-marlin,jul-sept,0,133.5,23.5
black-marlin,jul-sept,0,134.5,23.5
black-marlin,jul-sept,0,137.5,23.5
black-marlin,jul-sept,0,138.5,23.5
black-marlin,jul-sept,0,139.5,23.5
black-marlin,jul-sept,0,141.5,23.5
black-marlin,jul-sept,0,142.5,23.5
black-marlin,jul-sept,0,143.5,23.5
black-marlin,jul-sept,0,144.5,23.5
black-marlin,jul-sept,0,145.5,23.5
black-marlin,jul-sept,0,146.5,23.5
black-marlin,jul-sept,0,148.5,23.5
black-marlin,jul-sept,0,151.5,23.5
black-marlin,jul-sept,0,153.5,23.5
black-marlin,jul-sept,0,154.5,23.5
black-marlin,jul-sept,0,163.5,23.5
black-marlin,jul-sept,0,164.5,23.5
black-marlin,jul-sept,0,166.5,23.5
black-marlin,jul-sept,0,167.5,23.5
black-marlin,jul-sept,0,172.5,23.5
black-marlin,jul-sept,0,175.5,23.5
black-marlin,jul-sept,0,177.5,23.5
black-marlin,jul-sept,0,178.5,23.5
black-marlin,jul-sept,0,-179.5,24.5
black-marlin,jul-sept,0,-177.5,24.5
black-marlin,jul-sept,0,-175.5,24.5
black-marlin,jul-sept,0,-173.5,24.5
black-marlin,jul-sept,0,-172.5,24.5
black-marlin,jul-sept,0,-171.5,24.5
black-marlin,jul-sept,0,-170.5,24.5
black-marlin,jul-sept,0,-164.5,24.5
black-marlin,jul-sept,0,-163.5,24.5
black-marlin,jul-sept,0,-162.5,24.5
black-marlin,jul-sept,0,-35.5,24.5
black-marlin,jul-sept,0,127.5,24.5
black-marlin,jul-sept,0,128.5,24.5
black-marlin,jul-sept,0,129.5,24.5
black-marlin,jul-sept,0,132.5,24.5
black-marlin,jul-sept,0,133.5,24.5
black-marlin,jul-sept,0,134.5,24.5
black-marlin,jul-sept,0,135.5,24.5
black-marlin,jul-sept,0,138.5,24.5
black-marlin,jul-sept,0,139.5,24.5
black-marlin,jul-sept,0,140.5,24.5
black-marlin,jul-sept,0,143.5,24.5
black-marlin,jul-sept,0,144.5,24.5
black-marlin,jul-sept,0,145.5,24.5
black-marlin,jul-sept,0,146.5,24.5
black-marlin,jul-sept,0,147.5,24.5
black-marlin,jul-sept,0,149.5,24.5
black-marlin,jul-sept,0,150.5,24.5
black-marlin,jul-sept,0,151.5,24.5
black-marlin,jul-sept,0,154.5,24.5
black-marlin,jul-sept,0,156.5,24.5
black-marlin,jul-sept,0,157.5,24.5
black-marlin,jul-sept,0,158.5,24.5
black-marlin,jul-sept,0,161.5,24.5
black-marlin,jul-sept,0,162.5,24.5
black-marlin,jul-sept,0,163.5,24.5
black-marlin,jul-sept,0,164.5,24.5
black-marlin,jul-sept,0,165.5,24.5
black-marlin,jul-sept,0,166.5,24.5
black-marlin,jul-sept,0,168.5,24.5
black-marlin,jul-sept,0,171.5,24.5
black-marlin,jul-sept,0,173.5,24.5
black-marlin,jul-sept,0,178.5,24.5
black-marlin,jul-sept,0,-165.5,25.5
black-marlin,jul-sept,0,-161.5,25.5
black-marlin,jul-sept,0,-158.5,25.5
black-marlin,jul-sept,0,-34.5,25.5
black-marlin,jul-sept,0,124.5,25.5
black-marlin,jul-sept,0,127.5,25.5
black-marlin,jul-sept,0,128.5,25.5
black-marlin,jul-sept,0,129.5,25.5
black-marlin,jul-sept,0,131.5,25.5
black-marlin,jul-sept,0,132.5,25.5
black-marlin,jul-sept,0,133.5,25.5
black-marlin,jul-sept,0,134.5,25.5
black-marlin,jul-sept,0,135.5,25.5
black-marlin,jul-sept,0,136.5,25.5
black-marlin,jul-sept,0,139.5,25.5
black-marlin,jul-sept,0,144.5,25.5
black-marlin,jul-sept,0,147.5,25.5
black-marlin,jul-sept,0,148.5,25.5
black-marlin,jul-sept,0,150.5,25.5
black-marlin,jul-sept,0,153.5,25.5
black-marlin,jul-sept,0,160.5,25.5
black-marlin,jul-sept,0,162.5,25.5
black-marlin,jul-sept,0,164.5,25.5
black-marlin,jul-sept,0,168.5,25.5
black-marlin,jul-sept,0,174.5,25.5
black-marlin,jul-sept,0,-168.5,26.5
black-marlin,jul-sept,0,-161.5,26.5
black-marlin,jul-sept,0,-160.5,26.5
black-marlin,jul-sept,0,-159.5,26.5
black-marlin,jul-sept,0,-35.5,26.5
black-marlin,jul-sept,0,125.5,26.5
black-marlin,jul-sept,0,128.5,26.5
black-marlin,jul-sept,0,129.5,26.5
black-marlin,jul-sept,0,130.5,26.5
black-marlin,jul-sept,0,131.5,26.5
black-marlin,jul-sept,0,132.5,26.5
black-marlin,jul-sept,0,133.5,26.5
black-marlin,jul-sept,0,134.5,26.5
black-marlin,jul-sept,0,135.5,26.5
black-marlin,jul-sept,0,139.5,26.5
black-marlin,jul-sept,0,143.5,26.5
black-marlin,jul-sept,0,144.5,26.5
black-marlin,jul-sept,0,147.5,26.5
black-marlin,jul-sept,0,150.5,26.5
black-marlin,jul-sept,0,153.5,26.5
black-marlin,jul-sept,0,159.5,26.5
black-marlin,jul-sept,0,162.5,26.5
black-marlin,jul-sept,0,163.5,26.5
black-marlin,jul-sept,0,164.5,26.5
black-marlin,jul-sept,0,169.5,26.5
black-marlin,jul-sept,0,-169.5,27.5
black-marlin,jul-sept,0,-24.5,27.5
black-marlin,jul-sept,0,131.5,27.5
black-marlin,jul-sept,0,134.5,27.5
black-marlin,jul-sept,0,135.5,27.5
black-marlin,jul-sept,0,136.5,27.5
black-marlin,jul-sept,0,138.5,27.5
black-marlin,jul-sept,0,140.5,27.5
black-marlin,jul-sept,0,141.5,27.5
black-marlin,jul-sept,0,142.5,27.5
black-marlin,jul-sept,0,143.5,27.5
black-marlin,jul-sept,0,144.5,27.5
black-marlin,jul-sept,0,145.5,27.5
black-marlin,jul-sept,0,146.5,27.5
black-marlin,jul-sept,0,169.5,27.5
black-marlin,jul-sept,0,175.5,27.5
black-marlin,jul-sept,0,-170.5,28.5
black-marlin,jul-sept,0,134.5,28.5
black-marlin,jul-sept,0,135.5,28.5
black-marlin,jul-sept,0,136.5,28.5
black-marlin,jul-sept,0,137.5,28.5
black-marlin,jul-sept,0,139.5,28.5
black-marlin,jul-sept,0,140.5,28.5
black-marlin,jul-sept,0,141.5,28.5
black-marlin,jul-sept,0,143.5,28.5
black-marlin,jul-sept,0,144.5,28.5
black-marlin,jul-sept,0,145.5,28.5
black-marlin,jul-sept,0,146.5,28.5
black-marlin,jul-sept,0,149.5,28.5
black-marlin,jul-sept,0,160.5,28.5
black-marlin,jul-sept,0,161.5,28.5
black-marlin,jul-sept,0,165.5,28.5
black-marlin,jul-sept,0,-35.5,29.5
black-marlin,jul-sept,0,-34.5,29.5
black-marlin,jul-sept,0,129.5,29.5
black-marlin,jul-sept,0,131.5,29.5
black-marlin,jul-sept,0,132.5,29.5
black-marlin,jul-sept,0,135.5,29.5
black-marlin,jul-sept,0,136.5,29.5
black-marlin,jul-sept,0,138.5,29.5
black-marlin,jul-sept,0,140.5,29.5
black-marlin,jul-sept,0,141.5,29.5
black-marlin,jul-sept,0,142.5,29.5
black-marlin,jul-sept,0,143.5,29.5
black-marlin,jul-sept,0,144.5,29.5
black-marlin,jul-sept,0,145.5,29.5
black-marlin,jul-sept,0,156.5,29.5
black-marlin,jul-sept,0,-24.5,30.5
black-marlin,jul-sept,0,129.5,30.5
black-marlin,jul-sept,0,136.5,30.5
black-marlin,jul-sept,0,137.5,30.5
black-marlin,jul-sept,0,138.5,30.5
black-marlin,jul-sept,0,140.5,30.5
black-marlin,jul-sept,0,141.5,30.5
black-marlin,jul-sept,0,143.5,30.5
black-marlin,jul-sept,0,144.5,30.5
black-marlin,jul-sept,0,146.5,30.5
black-marlin,jul-sept,0,161.5,30.5
black-marlin,jul-sept,0,-170.5,31.5
black-marlin,jul-sept,0,-35.5,31.5
black-marlin,jul-sept,0,-34.5,31.5
black-marlin,jul-sept,0,136.5,31.5
black-marlin,jul-sept,0,137.5,31.5
black-marlin,jul-sept,0,138.5,31.5
black-marlin,jul-sept,0,139.5,31.5
black-marlin,jul-sept,0,140.5,31.5
black-marlin,jul-sept,0,143.5,31.5
black-marlin,jul-sept,0,153.5,31.5
black-marlin,jul-sept,0,158.5,31.5
black-marlin,jul-sept,0,-34.5,32.5
black-marlin,jul-sept,0,-24.5,32.5
black-marlin,jul-sept,0,138.5,32.5
black-marlin,jul-sept,0,139.5,32.5
black-marlin,jul-sept,0,140.5,32.5
black-marlin,jul-sept,0,141.5,32.5
black-marlin,jul-sept,0,142.5,32.5
black-marlin,jul-sept,0,143.5,32.5
black-marlin,jul-sept,0,137.5,33.5
black-marlin,jul-sept,0,138.5,33.5
black-marlin,jul-sept,0,139.5,33.5
black-marlin,jul-sept,0,140.5,33.5
black-marlin,jul-sept,0,141.5,33.5
black-marlin,jul-sept,0,-35.5,34.5
black-marlin,jul-sept,0,-34.5,34.5
black-marlin,jul-sept,0,-24.5,34.5
black-marlin,jul-sept,0,140.5,34.5
black-marlin,jul-sept,0,150.5,34.5
black-marlin,jul-sept,0,-35.5,35.5
black-marlin,jul-sept,0,-171.5,36.5
black-marlin,jul-sept,0,-34.5,36.5
black-marlin,jul-sept,0,-24.5,36.5
black-marlin,jul-sept,0,-34.5,37.5
black-marlin,jul-sept,0,-35.5,38.5
black-marlin,jul-sept,0,-34.5,38.5
black-marlin,jul-sept,0,-33.5,38.5
black-marlin,jul-sept,0,-25.5,38.5
black-marlin,jul-sept,0,160.5,38.5
black-marlin,jul-sept,0,173.5,38.5
black-marlin,jul-sept,0,-35.5,39.5
black-marlin,jul-sept,0,-34.5,39.5
black-marlin,jul-sept,0,163.5,39.5
black-marlin,jul-sept,0,168.5,39.5
black-marlin,jul-sept,0,-34.5,40.5
black-marlin,jul-sept,0,-32.5,40.5
black-marlin,jul-sept,0,-28.5,40.5
black-marlin,jul-sept,0,-34.5,41.5
black-marlin,jul-sept,0,-28.5,42.5
black-marlin,jul-sept,0,-25.5,42.5
black-marlin,jul-sept,0,-31.5,43.5
black-marlin,jul-sept,0,-28.5,43.5
black-marlin,jul-sept,0,-22.5,43.5
black-marlin,jul-sept,0,-34.5,44.5
black-marlin,jul-sept,0,-19.5,44.5
black-marlin,jul-sept,0,148.5,44.5
black-marlin,jul-sept,0,149.5,44.5
black-marlin,jul-sept,0,150.5,44.5
black-marlin,jul-sept,0,-14.5,46.5
black-marlin,jul-sept,0,-12.5,46.5
black-marlin,jul-sept,0,-11.5,46.5
black-marlin,jul-sept,0,-8.5,46.5
black-marlin,jul-sept,0,-10.5,47.5
